original_group_name,masked_group_name
Melija Self,GRP_yvpakgc
Nakalila Jua Kali,GRP_clspiko
Malambisha,GRP_vbohgyv
Samoya,GRP_xgjbrbl
Napara,GRP_kndowuv
Khasolo,GRP_nluqehz
Siilila A,GRP_xdjtfox
Nambuchi,GRP_bymmmez
Bitobo B,GRP_gktedll
Super Excel,GRP_iolbwob
Kitabisi B,GRP_gagqwyg
Sichei A,GRP_drsgavm
Sichei,GRP_jlpogjf
Masaka,GRP_hjvpuyd
Santos,GRP_firnfpx
Moonlight Shg,GRP_tqciwdw
Namasa,GRP_yzuwfvy
Namono,GRP_dcvyekk
Simana,GRP_rtvoayt
Khachonge,GRP_acuzflx
Siritanyi,GRP_ixkqect
Sibembe,GRP_ngcueti
Sibata,GRP_tksnukr
Nambaya,GRP_rbhabww
Yetana Sulwe,GRP_sxvtnkc
Sio Zone,GRP_cqzhocv
Nangeni Group,GRP_olyhoei
Nakhwana Group,GRP_qtptebx
Tuuti Group,GRP_ysqrujl
Namasa Star,GRP_mktvqef
Yetana,GRP_ejvqctk
Sioya,GRP_klcdeie
Maramu B,GRP_loatfhh
Kimwanga Action,GRP_jconfom
Nambaya Sichei,GRP_imbnvjk
Tembelesha,GRP_dzbipdh
Namamuka,GRP_dccxsmz
Namasanda,GRP_jgvrnuk
Cddc,GRP_ayaxdxf
Netima,GRP_rwvzomg
Emuria Salaams,GRP_bicrviw
Bititi,GRP_rnbsekn
Maramu,GRP_vhvmkaw
Njinyosie,GRP_qjiizdk
Napara B,GRP_ckzrgob
Kimaeti Group,GRP_ckrlhgu
Kinasaki,GRP_moqiudu
Bosio,GRP_kougaah
Remwa,GRP_htlgsci
Tulukuyi,GRP_nxsyvbc
Sikaya,GRP_qwuzuwl
Bitobo,GRP_dxsbpat
Nyota,GRP_mfquznu
Kag,GRP_loxmcmt
Sango,GRP_aonxtgu
Nasi A,GRP_upnbdae
Nangata,GRP_pbcqqmu
Juhudi,GRP_kjdjkfh
Nangeni,GRP_bdafnyt
Mlimani,GRP_rwwcubo
Nakalila,GRP_ojctnae
Wekelekha,GRP_ivnuzca
Nasaka,GRP_nbhirzh
Tabala,GRP_cfnitis
Luuhya,GRP_wrtrynl
Basisi,GRP_ffsqnqr
Sulwe Salaams,GRP_xambydc
Mumeme Youth Group,GRP_aqpxsqa
Myanga,GRP_npenwcv
New Generation,GRP_vhvecgk
Siyengo,GRP_repkosc
Khakakho,GRP_xlewlho
Bethsaida,GRP_tmiknkj
Sango A,GRP_ebimopl
Bukirimo,GRP_ijjoocr
Galilaya,GRP_zpacrei
Camel View,GRP_zwpoerh
Gccm Group,GRP_coijiqm
Siombe A,GRP_inbzgdw
Emuria,GRP_xkfmuby
Siri Zone,GRP_qectpwr
Siboti,GRP_tehowtp
Nasimbo,GRP_nhjomvb
Lwanja Upendo Group,GRP_esyjwmz
Kamurumba,GRP_uekuuwe
Namutenga,GRP_nbmybsa
Galiya Shg,GRP_zlwafns
Mupeli Siliki,GRP_qutcnhw
Neema,GRP_pdtzumy
Napara Salaams,GRP_enndutd
Nakalila A,GRP_bsgbpsa
Sichei B,GRP_jbzdlgl
Siboti B,GRP_lqsoink
Ngosia,GRP_hzoduzb
Tulukuyi B,GRP_qawxxsf
Siilila,GRP_yekwcoa
Sindani,GRP_xvieliz
Siombe,GRP_nonafyl
Iteso Group,GRP_ewwndez
Khulime Shg,GRP_gintkkw
Ngachi,GRP_soyegif
Kolosawa,GRP_uzfxvrj
Masielo C,GRP_zqnwrla
Tumaini,GRP_tislsdx
Myanga Youths,GRP_jifchgr
Siboti A Group,GRP_gvbkzci
Myanga Youth Group,GRP_jisgjxt
Napara C,GRP_yyvildn
Malakisi,GRP_zoinarm
Camelo,GRP_krdqivq
Basale,GRP_sanhusj
Syoya,GRP_vvcvpzm
Matisi,GRP_mnlydov
Kimwanga,GRP_emnigqc
Iteso,GRP_oqvfspx
Kimaeti,GRP_sfuthrg
Sango B,GRP_vlsrmgb
Njetilekho,GRP_pfthntw
Talitiana Self,GRP_vakgchf
Machwele Group,GRP_lbmhtvi
Kiboochi,GRP_tomralk
Tabala C,GRP_vqwazqb
Metameta,GRP_njxuhat
Budii,GRP_sqxxtoq
Sinani,GRP_cnlulxe
Massa,GRP_weufzgg
Nandika,GRP_bafphwa
Kumelo,GRP_jftxbkl
Nima,GRP_xmdwwmm
Pamoja,GRP_bbpevyd
Ese Namwe,GRP_zblrdpg
Jua Kali Women,GRP_msdvcaj
Matisi B,GRP_jsztmhe
Kitabisi,GRP_qxxuurg
Zone Group,GRP_phmtfhv
Basisi Group,GRP_jziptvj
Masielo,GRP_hgwdfjg
Kimum A,GRP_iidztgo
Namisi,GRP_bjjwqyg
Beauty Lady,GRP_htqphuv
Malambisha B,GRP_ykjeieg
Mukasosi Shg,GRP_nmqnaft
Tulukuyi Group,GRP_cksemys
Sisi Kwa Sisi,GRP_motekun
Mukiyuni,GRP_agxbrtq
Focus Youth Group,GRP_qrdqnuv
Mateka,GRP_dbiscvr
Musale,GRP_gfboiim
Malambisha A,GRP_hdqimxi
Siloba,GRP_utfaswl
Syombe,GRP_oikypxt
Baraka,GRP_shhinzr
Khulime,GRP_ixshihi
Myanga B,GRP_tuvjmrt
Napara Group,GRP_xcwztdr
Malinda Group,GRP_gyqagkh
Musakasa,GRP_lqloyey
Wabukhonyi,GRP_klthlkl
Kumelo Women Group,GRP_ytkhngs
Namamuka C,GRP_ctqtane
Musina B,GRP_viahgaa
Furaha,GRP_ynrqaeg
Safari Njema,GRP_fqtpqyj
Emanyakho,GRP_gnenduy
Remwa B,GRP_firxdtd
Ngoli Group,GRP_xjlaosm
Kabula Vocal Group,GRP_rvcdydx
Mikayu,GRP_xxisiwf
Tamba Endie,GRP_evnwxcg
Okoa,GRP_zwarzhf
Mukanda Groups,GRP_xkkqkyd
Mutare,GRP_jtyxqkg
Sikana B,GRP_huypwvz
Khalabana,GRP_lgxubgz
Sulwe,GRP_tpcogqo
Masaka B,GRP_pzwlkzn
Miteso,GRP_pwkmcdb
Simana Shg,GRP_hjwfsoz
Mumeme,GRP_tcwkzmz
Salaams Club,GRP_upfwhhw
Galila Shg,GRP_xxsfpks
Blue Waves,GRP_ldsrfyx
Vumilia Shg,GRP_hrcjvlr
Nabuloli Group,GRP_arnopue
Kende,GRP_sfltxrf
Tumaini A,GRP_dyanguo
Nabuma,GRP_ttjzknq
Kimum B,GRP_kkamknj
Matasi,GRP_zyipmsb
Remwa Shg,GRP_qndcukx
Tumaini C,GRP_aggrocv
Nambale,GRP_qdpyyzz
Sawa,GRP_ygqqcet
Sikimbo,GRP_ktnchty
Masaka C,GRP_psgmacg
Jua Kali,GRP_pwguvtk
Kawa,GRP_bxbbakf
Effort Cbo,GRP_jjfmwgs
Namana C,GRP_omkwhnu
Pamoja Youth,GRP_ypdursq
Milimani A,GRP_fabckfr
Sulwe Group,GRP_lzryvpq
Mlimani B,GRP_nkelnan
Siloba Sulwe,GRP_lxqdjqc
Tuuti Groups,GRP_bcmndwe
Namati,GRP_kvwotij
Tabu Shg,GRP_nwbteem
Sandos,GRP_tmgaipd
Bosio B,GRP_zolqgcs
Ngosia Youth,GRP_wwudtir
Esenamwe,GRP_dqmqobz
Napara Salaam,GRP_aqzidcv
Nasianda,GRP_ildpzuo
Lurare,GRP_qqeebyw
Teleti,GRP_rzkvbuc
Kinatubi Shg,GRP_khtpfle
Mamusa,GRP_mbaykqb
Namana A,GRP_dwmcmya
Netima B,GRP_mubmxta
Impreza,GRP_yvwllax
Bidii,GRP_vmrihwz
Mlimani A,GRP_hfatwxx
Impresa,GRP_zccappa
Bitobo 2,GRP_enxvoga
Napara Shg,GRP_gzmqzle
Munyali Grp,GRP_kqnmmod
Mukanda,GRP_ucfphiq
Nasimbo Group,GRP_arjeapi
Munyali,GRP_mzlieal
Nasomo,GRP_kdffbok
Musikwa C,GRP_voougmn
Buma,GRP_yilosyu
Simama,GRP_qrmoabk
Lwanja,GRP_qgfuqzp
Sulwe Salaam,GRP_ypvzpww
Nangili Youth,GRP_ijgynga
Musaka,GRP_osvloyk
Bitit,GRP_ugrnsld
Napara A,GRP_rslltpy
Kamur,GRP_wxgmqdn
Salams Club,GRP_zajgsel
Kendelesha,GRP_myxqadb
Kalyet Barakeiwet Joywo Group.,GRP_xvnyikc
Kapsegei Joywo Group.,GRP_cmgdsup
Jeptigit Silk Group,GRP_xjpdcka
Morning Star Group B.,GRP_mmweyfp
Chomyet Joywo Group,GRP_lxuepja
Kakoech Joywo Group.,GRP_wtdxdof
Saj4 Joywo Group.,GRP_titqucc
Jemaluk Joywo Group.,GRP_tmdkpnb
Shach4 Joywo Group,GRP_yqvibvy
Jepkiit Group,GRP_slmqrtz
Lumda Gei Silk Group,GRP_fzupwdp
Taito Family Meeting.,GRP_aldchrn
Chemwai Nasep Group.,GRP_ziqcpyn
Kaplamai Joywo Group.,GRP_mwqjqyv
Judea Kebulwet Joywo Group,GRP_gnhksrt
Kaplamai Joywo Group,GRP_wsrsrub
Jesonok Silk Group,GRP_fyjthjv
Kapngetich Farmers Forum,GRP_dosantm
Kapchumba Fielday.,GRP_tbhsmaj
Great Apex Kitawet Group,GRP_ygmaoyi
Maperyat Joywo Group,GRP_laghgfh
Kalyet Merry-Go-Round Group.,GRP_pbdlckq
Baraka Mzazi Joywo Group,GRP_wdrtasl
Boito Silk Group,GRP_lzwqwvn
Lapkei Tai Joywo Group,GRP_tyetanl
Jepkatet Farmers Fielday,GRP_rwlfjtt
Sigot Datola Group,GRP_drebtwy
Ushindi Koipasui Silk Group,GRP_kquhrpe
Tuiyo Cooperative Farmers Group,GRP_vqeooty
Chebaraa Joywo Group,GRP_gomuhfq
Ngarafalls Fielday,GRP_rrwgmwk
Jeptuyet Agricultural Training,GRP_ypvcyyw
Jebarus Nasep Group.,GRP_vipgsqo
Set Kobor Joywo Group.,GRP_zamxaaj
Ogilge Kipkombot Joywo Group.,GRP_vaocixl
Sakas Juhudi Group,GRP_llfzvuz
Koiluget Chepkukwo Welfare Group,GRP_slwfioj
Ripgaa Joywo Group.,GRP_jfiyjdi
Biribiriet Village Elders,GRP_jlqlbrc
Cheptewet Joywo Group.,GRP_gfhzbhs
Chemwai Kapchumo Nasep Group.,GRP_ynjlqrb
Kureshet Silk Group,GRP_axedqjj
Chepteon Group,GRP_cerzitk
Chepteon Silk Group,GRP_bokardz
Kalyet Kamelil Joywo Group,GRP_swnaisq
Testai Juhudi Group,GRP_czaeonp
Advocate For Change Farmers Fielday,GRP_grqvrhg
Jebarus Joywo Group,GRP_zylfpxo
Tilalwo Joywo Group.,GRP_rashfwd
Lelchego Fielday,GRP_xdjnmhn
Tebeswet Silk Group,GRP_sfkplfg
Jemaluk Sinendet Juhudi Group,GRP_snuxbtn
Kipakenge Datola Group,GRP_kllwopm
Kapngetich Agricultural Farmers Meeting,GRP_guwkxgc
Toretgee Joywo Group,GRP_wvtnmnw
Olbutiot Self Help Group,GRP_cojaguf
Kapkakaron Joywo Group,GRP_prjjhze
Taunet Joywo Group,GRP_gyjalnz
Junction Joywo Group.,GRP_fmbjheq
Lelchego Womens Day.,GRP_aibajuc
Jeirot Juhudi Women Group,GRP_gbznzom
Digital Joywo Group,GRP_iveqhqp
Jemuswa Juhudi Group,GRP_fpwylhp
Kilagan Booster Joywo Group.,GRP_dcnovxl
Karlel Silk Group,GRP_zobfnyx
Muruto Silk Group,GRP_jrixsge
Kuryot Joywo Group,GRP_ugktgai
Chepteon Silk.,GRP_ppssmzv
Jeptigit Horis Group.,GRP_ktlyges
Kebulwet Silk Group,GRP_udmiwdj
Venus Boito Juhudi Group.,GRP_lglkxco
Barakeiwet Morning Star Group.,GRP_skmhdva
Sayet Joywo Group,GRP_mzqkzby
Kap Chewawa Nasep Group,GRP_xxngojn
Sach4 Joywo Group,GRP_hdvpxvp
Cheptewet Joywo Group,GRP_orsjkzi
Chebigoi Sda Prayer Group,GRP_eypfyxx
Mogoiwet Nasep Group.,GRP_styvoci
Silk Group,GRP_uujgscg
Lelmokwo Youth Group.A,GRP_fckleoc
Open Arms Group,GRP_gkljyfo
Lelchego Cooperative Youth Forum,GRP_amhiipt
Sigot Fielday,GRP_wfzredp
Kipkaren Farmers Fielday,GRP_uxlqzez
Lelmokwo Lelchego Fielday,GRP_qzskxiu
Lelchego Exhibition Day.,GRP_yahjvyu
Wema Group.,GRP_eljezmi
Tuigoin Silk Group,GRP_qikouru
Marinyim Joywo Group.,GRP_qsgiscg
Saj4 Joywo Group,GRP_kznmbfb
Kapchewawa Nasep Group,GRP_pslnvip
Kabiyet Dairies Fielday Tent2,GRP_lvmaocm
Logoyat B Joywo Group,GRP_dkllcio
Mois Bridge Advocacy Reformers Group.,GRP_kmakrof
Jebarus Morning Star Group.,GRP_noyyttj
Venus Boito Juhudi Group,GRP_vdlwonz
Karlel Silk Group.,GRP_jcjyfrd
Kotap Leketio Joywo Group,GRP_guibvaq
Maperyat Joywo Group.,GRP_wtdlbuf
Chebigoi Group,GRP_tuxhbgn
Junction Joywo Group,GRP_mjeopyc
Jemarot Silk Group,GRP_mcqeame
Tungururwet Joywo Group,GRP_knunkll
Bethel Prayer Group,GRP_yckgrsf
Single And Widows Merrigo Group,GRP_loetxoq
Eden Joywo Group,GRP_somcjzr
Kormaet Agricultural Fielday,GRP_tlcpxvq
Lelchego Farmers Fielday,GRP_xfgfwdh
Saiyet Joywo Group,GRP_ogzyunp
Tach Asis Joywo Group,GRP_gwitsas
Kabiyet Dairies Fielday Tent 3.,GRP_ztlygxg
Lelmokwo Agricultural Farmers Training,GRP_lzkxapu
Kongasis Joywo Group.,GRP_kvyikom
Bayete Megun,GRP_crsemfr
White Star Nasep Group,GRP_bvvlipm
Tach Asis Lelchego Fielday,GRP_vbqcvrl
Kipkongorwa Famers Baraza,GRP_ielxyii
Sk Merrigo Round Group,GRP_jymehzp
Kabiyet Dairies Fielday,GRP_ijhpldt
Nduroto Koshin Women Group.,GRP_kazmien
Blessed Nasep Group.,GRP_tklagyz
Rongit Silk Group,GRP_mbjciui
Kap Koimur Joywo Group,GRP_cigxjlg
Chemwai Nasep Group,GRP_rzdatbz
Kabisaga Agricultural Training.,GRP_kodkzfi
Chepchapai Si Order Group,GRP_icucxci
Kipkongorwa Silk Group.,GRP_gjqntoa
Mogoiwet Dip Baraza.,GRP_boavuaa
Illula Reformers Group,GRP_ujnovjv
Chomyet Merry-Go-Round Group.,GRP_xpqnxlq
Shiners Nasep Group,GRP_gdvngqh
Emgoin Joywo Group.,GRP_ntqpuvo
Kapkatet Jemuswa Juhudi Group.,GRP_cfjybwt
Barakeiwet Fielday,GRP_nrwjyaj
Open Arms Silk Group,GRP_mgzitym
Kapngetuny Gaa Joywo Group,GRP_ziubiwx
Tilalwo Group 2 Joywo Group,GRP_tynnktt
Reformers Group.,GRP_mqmcdax
Genesis Joywo Group,GRP_fbmmgxh
Murkoi Joywo Group,GRP_mkcjiud
Morning Star Group,GRP_beummdd
Kokwet Keregut Nasep Group,GRP_bfgykin
Biribiriet Lelmokwo Agricultural Training,GRP_yfuhcjh
Kalyet Joywo Group,GRP_aiylmvv
Holy Family Teachers Group,GRP_ofeyftj
Kapchorua Lelchego Fielday,GRP_gnotvme
Paluk Merrygo Group,GRP_oyjpvzf
Kamungei Juhudi Group,GRP_chrrpjq
Tuyobei Lemook Apex Group.,GRP_cxgrkob
Lelmokwo Baraza Group.,GRP_zgfsidc
Upendo Group.,GRP_ukstfzv
Simanet Joywo Group,GRP_jygqqqg
Kap Kumur Silk Group.,GRP_siguwnc
Koipasui Silk Group,GRP_zmblxsw
Koipasui Lelchego Fielday,GRP_ojbbaqi
Chamkaa Simatwet Joywo Group,GRP_yfeidhu
Ngecheck Agricultural Training,GRP_cprxeis
Chamkei Kapkobis Joywo Group,GRP_zzjlojk
Baraka Mzazi Joywo Group.,GRP_ngfewce
Konyit Joywo Group,GRP_nzrpjbw
Testai Juhudi Group.,GRP_wusvpse
Kuryot Joywo Group.,GRP_yiwxkal
Exodus Joywo Group,GRP_kqxsxnp
Revelation 1 Joywo Group.,GRP_iwlvazj
Kap Ngetuny East Joywo Group.,GRP_ldoilwr
Kadiri Koipasui Silk Self Help Group,GRP_psdrfni
Open Arms Silk Group.,GRP_pwfqgay
Emgoin Si Order Group.,GRP_ivorszv
Jeirot Juhudi Group,GRP_tmcjzog
Ogilge Chemosit Joywo Group,GRP_fmpjwna
Jepteon Open Arms Group,GRP_aozexrf
Kapngetuny East Joywo Group,GRP_bwragax
Lolmukusi Joywo Group,GRP_czutvnb
Jeptige Juhudi Group,GRP_orrpwyh
Kipngetket Outreach Group.,GRP_avgbynb
Chepwai Nasep Group,GRP_jezjvbk
Eisero Ngeny Silk Group,GRP_aikmhdd
Si Order Group.,GRP_yxoqqrx
Tilalwo Joywo Group,GRP_hseqddj
Lamaiwet Kokwet Joywo Group.,GRP_pefdzhi
Taunet Tuigoin Group,GRP_hbmiwxn
Itigo Agricultural Training,GRP_vdsgvoo
Kisabei Husler Joywo Group.,GRP_azbtvoe
Samutet Heroes Joywo Group.,GRP_qowmkpt
Samutet Heroes Joywo Group,GRP_ckvicde
Joyful Kipkombot Joywo Group,GRP_foxtmiq
Kap Masai Group,GRP_emoaoic
Toret Moi Nasep Group.,GRP_enhzzra
Kabisaga Agricultural Training,GRP_ujrtsxx
Jepkatet Teachers Group,GRP_hkymrvg
Ainamoi Ketwa Juhudi Group,GRP_lcapzch
Kapruce Joywo Group A,GRP_dofigmd
Kiramkel Joywo Group,GRP_jkyvzvp
Taunet Ne Lel Self Help Group.,GRP_vanagia
Cham Asis Juhudi Group,GRP_fjkwtof
Tuyobei Lemook Group.,GRP_sirzkws
Ngeny Barak Joywo Group,GRP_dpsalml
Kosyin Chemuswa Juhudi Group,GRP_fdwvzhq
Kokwet Joywo Group,GRP_dzwjehf
Momoniat Lelchego Fielday,GRP_lifkdty
Widows Merry Go Group,GRP_jbedmpa
Eden Joywo Group.,GRP_zeezxye
Kapkejui Joywo Group,GRP_qvkndof
Lamaiwet A Nasep Group.,GRP_rqvojye
Gedaf Joywo Group.,GRP_arzpxue
Seretyo Joywo Group,GRP_qgzwhyg
Kapruce Joywo Group 1,GRP_hfnbrki
Mercyful Joywo Group,GRP_hngqgnc
Kapchumba Fielday Group2.,GRP_uvwetdu
Tungururwet Joywo Group.,GRP_oavuhhe
Muungano Central Joywo Group,GRP_bpcrlex
Soyet Joywo Group,GRP_oigxtpv
Kipakenge Joywo Group,GRP_eeunciy
Ogilge Joywo Group,GRP_lrypvns
Kolongei Silk Group,GRP_joblbkl
Legacy Nasep Group.,GRP_tcezxqu
Isa Juhudi Group,GRP_qyjhwbe
Kakoech Joywo Group,GRP_ftnsjxo
Emdit Joywo Group,GRP_jkkkgtk
Lamaiwet Joywo Group,GRP_qddflec
Olbutuiot Silk Group,GRP_kjgfxon
Koikaro Silk Group,GRP_nrrnffn
Kingwa Joywo Group,GRP_tkrhgow
Soyet Kipakenge Women Group,GRP_tsnrvpy
Olserkech Scheem Group,GRP_bybukan
Kapkatet Joywo Group,GRP_jsfsjkn
Toretgei,GRP_sgtuinv
Umoja Joywo Group,GRP_cpavglv
Kipkoriony Agricultural Forum,GRP_joiqqys
Koipasui Silk Group.,GRP_vobymtk
Chamasis Women Juhudi Group,GRP_wcftmed
Kapsegei Joywo Group,GRP_ujwnszn
Kosakatat Joywo Group.,GRP_ammzbfg
Jepkiit Open Arms Group,GRP_anbtfmb
Riverside Juhudi Group,GRP_unwhvpg
Mogoiwet Teachers Group,GRP_achbmoo
Ack St.Luke Teachers Group.,GRP_utnrmbl
Kapngetich Agricultural Training,GRP_nvkjizd
Tekat Joywo Group,GRP_siopuwg
Jemaluk Joywo Group,GRP_cghrpkj
Kap Chewawa Nasep Group 2.,GRP_wxmutjj
Biribiriet Village Elders Group,GRP_nhdxirz
Kalyet Barakeiwet Joywo Group A,GRP_inahych
Kosakatat Joywo Group,GRP_yqzbfnn
Chepkoyo Silk Group,GRP_pbbydsf
Jebarus Nasep Group,GRP_evhqpeh
Tebeswet Hygrophin Group.,GRP_bmrvebg
Ack St.Luke Teachers Group,GRP_llwnbid
Lamaiwet G Apex Group.,GRP_werieuy
Toretgei Joywo Group,GRP_pzldkpi
Ainamoi Ketawa Juhudi Group,GRP_jblmhyc
Moso Merry-Go-Round Group.,GRP_cpeawcz
Morning Star Group A.,GRP_aytajdm
Sigot Datola Group.,GRP_nbrzbzp
Jeptigit Horis Group,GRP_lntcong
Faidika Joywo Group,GRP_hmlgsfp
Marinyim Joywo Group,GRP_mjhypfd
Sosiot Joywo Group,GRP_oqooaee
Sigot Teachers Group,GRP_zcgybxo
Kipakenge Joywo Group.,GRP_zkgqlfa
Kimalit Joywo Group,GRP_bknvyyi
Kapsegei Merrigo Group.,GRP_jlbwfac
Berur Apex Group.,GRP_yxlzclz
Kapruce Joywo Group 2,GRP_urblmcn
Eisero Nasep Group.,GRP_funohjo
Koikaro Group,GRP_awcsnmk
Jepteon Group,GRP_choneck
Tuigoin Teachers Group,GRP_mqghnfe
Blessed Widows Nasep Group,GRP_herxpqx
Zion Joywo Group,GRP_iiavgtn
Simatwet Chamkaa Joywo Group,GRP_nmiegqc
Tamboyo Silk Group.,GRP_luwbjjg
Jeptil Merrygo Group,GRP_oopyzwe
Ainapngetik Group,GRP_zmpeduo
Gedaf Joywo Group,GRP_owrmqno
Ack St.Luke Teacher Group,GRP_rykguwu
Supper Eagles Silk Group.,GRP_dtammog
Cheirot Juhudi Group,GRP_ryrhnsn
Upendo Avilah Joywo Group,GRP_ghpzswm
Kayanet Seretyo Joywo Group.,GRP_pfmbwzm
Mumetet Gaa Joywo Group,GRP_ejefmdc
Jebaikaa Group,GRP_qdhvfwk
Saj4 Youth Group.,GRP_svmakgm
Kamangunet Juhudi Group,GRP_rgplvsj
Kalyet Barakeiwet Joywo Group,GRP_sswhgcp
Tebeswet Hygrofin Group,GRP_upavhef
Jerusalem Joywo Group A,GRP_tzllcbj
Koshin Juhudi Group,GRP_aweooxm
Kaplamai Joywo Group B,GRP_xruwxnp
Chomyet Momoniat Joywo Group,GRP_mhaycgz
Mlango Agricultural Training,GRP_somkocv
Chebaibai Open Arms Group,GRP_xyygwdd
Tebeswet Hygrofin Joywo Group,GRP_fposnkd
Jebarus Shiners Nasep Group,GRP_inlzelj
Kap Ngorom Women Group.,GRP_oodfohv
Kapsiria Joywo Group,GRP_ngswhzk
Lapkei Tai Joywo Group.,GRP_fdskigf
Chebigoi Sda Prayer Group.,GRP_akrnyhx
Baraka Mzazi Joywo,GRP_krnvndq
Precious Joywo Group,GRP_muiiftx
Sda Kapkeringon Teachers Group,GRP_gnnnhrb
Kokwet Geregut Nasep A$B.,GRP_aogxlyn
Koshin Simatwet Joywo,GRP_xffbnqk
Jordan Joywo Group,GRP_ddyzrog
Kapchumba Fielday,GRP_piddgql
Kamangunet Juhudi Group.,GRP_lhfgqrn
Lelmokwo High Teachers Group,GRP_dtyzqtd
Logoyat A Joywo Group,GRP_bkakrkn
Kipkombot Joywo Group,GRP_alwstpj
Nduroto Juhudi Group,GRP_dbwemes
Kisabei Joywo Group,GRP_mxsyawv
Widows Merry-Go-Round Group,GRP_xyobaku
Simatwet Baraka Joywo Group,GRP_uezkavc
Kalyet Merry-Go-Round Group,GRP_upkmavg
Kapngetuny Gaa Joywo Group.,GRP_qxkflgd
Brook Of Faith Silk Group,GRP_eufhiyi
Reformers Cheptil Group,GRP_hdngxsy
Tijijenge Joywo Group,GRP_mzoyzgr
Sunrise Joywo Group,GRP_htunypl
Newlands Oleserkech Group.,GRP_ixdqssm
Kuryot B Joywo Group,GRP_qtxihhq
Lelmokwo Teachers Group,GRP_dtekmog
Chamasis Juhudi Group,GRP_qmjkdpr
Jeptil Joywo Group,GRP_tsnfaaj
Mlango Agricultural Training.,GRP_uqrrrdq
"Kosakata Joywo Group,",GRP_joasllb
Escape Joywo Group,GRP_iiptqpg
Ogilge Jemosit Joywo Group,GRP_tfqihpo
Kap Masai Group.,GRP_asdscfu
Genesis Joywo Group.,GRP_smeprwd
Kapelem Tilil Bei Joywo Group.,GRP_myhxszb
Geregut Kokwet Nasep.,GRP_mpbhibu
Tilyet Silk Group.,GRP_nlsemyz
Kuryot B Joywo Group.,GRP_bzqrnpx
Tuigoin Silk Group.,GRP_vsiewvn
Kapruce Joywo Group,GRP_piwtwna
Chomyet Merrigo Group,GRP_lbyxxgt
Matiech Ngeny Joywo Group,GRP_cxovoif
Kuryot Kilagan Joywo Group,GRP_qkaxpzy
Kuryot A Joywo Group.,GRP_tcsqqys
Jerote Joywo Group,GRP_ibppoyz
Jebigoi Sda Prayer Group,GRP_iegtpjx
Lamaiwet Apex Group.,GRP_gbfsfwf
Kapkumur Silk Group.,GRP_pllliic
Kapngetuny Gaaa Joywo Group,GRP_zljoazd
Tamboyo Silk Group,GRP_xphfuhn
Mutwot Kapsile Group,GRP_iltvfzz
Set Kobor Joywo Group,GRP_ezsqqnv
Tumaini Morning Star Group.,GRP_hcsxvit
Kapungut Joywo Group,GRP_ykhydmk
Elcap Joywo Group,GRP_nuozeic
Jordan Joywo Group 2,GRP_zhpkxpu
Chamkaa Joywo Group,GRP_ltqlvsv
Brook Of Faith Group.,GRP_fporkmp
Tilil Bei Joywo Group,GRP_qsimoow
Ogilge Joywo Group.,GRP_urdbjjk
Logoyat B Joywo Group.,GRP_zufebxq
Kokwet Geregut Nasep Group.,GRP_ytnzrzh
Ogilge Kipkombot Joywo Group,GRP_iaoeljc
Jemarot Joywo Group,GRP_kpbpxuy
Kormaet Group.,GRP_aaaqhef
Chepteon Group.,GRP_fiduryr
Emdit Joywo Group.,GRP_dxffgnk
Kipngeru Juhudi Group.,GRP_ggiqjcs
Kapngetuny East Joywo,GRP_nvvynht
Jerusalem Joywo Group.,GRP_ioakcwe
Kolongei Silk Group.,GRP_taewdaw
Biribiriet Village Elders Group.,GRP_nexsfif
Konyit Joywo,GRP_bvfatqh
Chomyet Ainapngetik Joywo Group,GRP_lmqordd
Umoja Nasep Group.,GRP_ejwmloj
Testai Datola Group,GRP_symflnw
Mumetet Joywo Group,GRP_yktgrwr
Namgoyet Joywo Group.,GRP_tmcfbkg
Tuyobei Silk Group..,GRP_paiodpn
Lelmokwo Teacher Group.,GRP_jfudwnk
Jordan Joywo Group.,GRP_msktlpm
Merciful Joywo Group,GRP_ecoosui
Mt. Zion Joywo Group.,GRP_qlxnsew
Lamaiwet Women Group Joywo,GRP_ucdzpdo
Songoliet Jebarus Nasep Group,GRP_ushrfqx
Lapkei Gaa Joywo Group,GRP_xlumipf
Imani Merrigo Group,GRP_aawywhv
Kapruce Joywo Group B,GRP_rhlgauy
Simba Hill Joywo Group,GRP_seyytzm
Logoek Joywo Group,GRP_tsnwgeu
Berur Joywo Group,GRP_mecnkmg
Nduroto Koshin Women Group,GRP_kfybguk
Kureshet Silk Group.2,GRP_xxkyvfa
Rising Star Group,GRP_bmqqoux
Jebarus Morning Star Group,GRP_ysmeujq
Konyit Joywo Group.,GRP_hwglszj
Lamaiyet Joywo Group,GRP_jyplyya
Kap Chewawa Nasep,GRP_nzvtcwt
Baraka G Apex Group.,GRP_ebxsllo
Jebarus Geregut Nasep Group,GRP_jxiscqy
Kap Kumur Datola Group,GRP_muoommx
High Way Joywo Group,GRP_yhijtfu
Chebaibai Chepkiit Self Help Group,GRP_ntvpygp
Somanet Joywo Group,GRP_olxdlrg
Kipkongorwa Teachers Group,GRP_tkalwdj
Boito Silk Group.,GRP_vmqzace
Samutet Joywo Group,GRP_aiutzcy
Tebeswet Lelchego Group,GRP_tmiwbjw
Kipakenge Datola Group.,GRP_dfeigkt
Kamungei Kokwet Juhudi Group.,GRP_mamegyj
Emgoin Ndalat Joywo Group.,GRP_imsfmkm
Kebulwet Joywo Group,GRP_kmlioks
Great Apex Group.,GRP_ooscfzt
Brothers And Sisters Merry-Go-Round Group,GRP_iruvvij
Brook Of Faith Group,GRP_losdpbu
Gergaa Joywo Group.,GRP_mwcfzqz
Lapkei Tai Joywo,GRP_hvgkblf
Laiwet Joywo Group,GRP_hqnmvaf
Jemuswa Juhudi Group.,GRP_myiyjdr
Tamboyo Shiners Group,GRP_dgwqaox
Kapchorua Group,GRP_buzqunc
Jemarot Joywo Group.,GRP_okrfagn
Seretyo Joywo Group.,GRP_niczanz
Exodus Joywo Group.,GRP_btgmkpw
Saj4 Itigo Joywo Group,GRP_paiofcd
Chepwai Nasep Group B.,GRP_iliwqtv
Early Bird Joywo Group.,GRP_wnvjpdz
Hope Nasep Group,GRP_hytxbbw
Mogoget Silk Group.,GRP_phnyaag
Chepwai Nasep Group A,GRP_depmrji
Jeptil Merrigo Round Group,GRP_izbvlql
Kap Chewawa Nasep Group.,GRP_zaeohrs
Lamaiyat Joywo Group,GRP_lcyxgrp
Kapkatet Juhudi Group,GRP_nhubigr
Kipkoriony Teacher Group,GRP_wftrnca
Kayanet Joywo Seretyo,GRP_uhjyary
Ogilge Dira Juhudi Kilimo Group,GRP_xffwhtu
Chamkaa Joywo Group.,GRP_mwzufzw
Chepteon Silk Group.,GRP_ykibqsj
Biribiriet Bom Group,GRP_choizvr
Gardens Joywo Group,GRP_jnpfbtu
Blessed Hand Juhudi Group.,GRP_gogrhzw
Nduroto Koshin Juhudi Group,GRP_sqbbxtt
Lamaiwet G Apex Group C,GRP_amuusge
Lenkel Moi Joywo Group,GRP_dttwmpn
Jerusalem Joywo Group,GRP_wqcwytw
Kipkongorwa Silk Group,GRP_nmavrdi
Tumaini Joywo Group.,GRP_bhvavng
Ripgaa Joywo Group,GRP_zzemkve
Lelmokwo Youth Group.,GRP_jeyxshv
Mois Bridge Advocacy Reformers Group,GRP_anqwckv
Tumaini Joywo Group,GRP_tvsfuwb
Lamaiywet Kokwet Joywo Group,GRP_ljxkrod
Kamangunet Merry Go Round Group,GRP_cupgmrp
Muungano Central Joywo Group.,GRP_mqbumns
Chepteon Silk,GRP_rrkxkiz
Umoja Joyful Group,GRP_xfwwehl
Judea Joywo Group,GRP_lttfrep
Kap Chewawa Nasep Group B.,GRP_djicjkk
Tamboyo Shiners Silk,GRP_vmcwfpg
Kapelem Tilil Bei Joywo Group,GRP_mbslqev
Kuriotkietkee Joywo Group,GRP_iwpfjrq
Lolmukusi Joywo Group.,GRP_olqvzrv
Brothers And Sisters Merrygo Group,GRP_nzoxtqc
Husler Joywo Group.,GRP_mftdgzi
Kipkaren Tebeswet Group.,GRP_zemrbsy
Kaplam A Joywo Group.,GRP_eeuwwyf
Advocate For Change Farmers Field Day,GRP_umcqiju
Kokwet Keregut Group,GRP_xfniorn
Kabunyeria Silk Group,GRP_vdyswvy
Tamboyo Shiners Group.,GRP_dznkynr
Lapkei Tai Kap Kwenio Joywo Group.,GRP_ourhois
Testai Datola Group.,GRP_derkdre
Gergaa Joywo Group,GRP_myhmwag
Chebigoi Sda Prayer.,GRP_xjaqllk
Kuryot Kietkee Joywo Group,GRP_qyzykku
Lamaiwet Kokwet Joywo Group,GRP_romxbzl
Ogilgee Kipkombot Joywo Group,GRP_qgtiffg
Kilagan Booster Joywo,GRP_hdkpgvp
Kalyet Merrigo Group,GRP_jecifya
Kilagan Booster Joywo Group,GRP_vcfcohs
Eisero Ngeny Group,GRP_fvrkpmm
Kaplamai A Joywo Group.,GRP_gcwwofj
Hope Nasep Group.,GRP_znzopvz
Upendo Avila Joywo Group,GRP_jfnacwp
Sisters And Brothers Merigo Round Group.,GRP_yxyqdih
Tuyobei Silk Group.,GRP_fgzihps
Olbutiot Self Help Group Mes,GRP_tzmctvp
Saj4 Barakeiwet Joywo Group.,GRP_dkxezol
Shiners Silk Group,GRP_croiuoj
Faidika Joywo Group.,GRP_kepdvoa
Eisero Nasep Group,GRP_pnfhlbq
Cheptil Reformers Group,GRP_qejktpi
Jebarus Shiners Nasep Group.,GRP_jatocer
Kap Chewa Nasep Group,GRP_gfxrhsp
Olserkech Scheme Group,GRP_efeqarv
Cheptewet Joywo. Group,GRP_kwmxsly
Kalyet Barakweiwet Group,GRP_zkvljrh
Koipasui Silk Group 2,GRP_dxrpfju
Jebaraa Joywo Group,GRP_zljxsan
Jorit Kiye,GRP_nyioofh
Kowet Youths B,GRP_efdsaym
Simba Ululu Village Farmers,GRP_rxceejv
Kubar A Village Farmers,GRP_pitpukc
Kowet Youths C,GRP_cxhouhu
Kanyango Farmers,GRP_wefojgn
Futro Village Farmers,GRP_mtwlpre
Nyadhi Boda,GRP_suobreb
Nyikwa Abuop,GRP_dgbwlug
Ohaya Village Farmers,GRP_fvosbxh
Nyikwa Buop,GRP_axrjaas
Masogo Community Farmers,GRP_qpvobuv
Asere Farmers,GRP_xhgjvst
Mulor C Village Farmers,GRP_oaaphaj
Obiero Village Farmers,GRP_uwpjxoc
Obiero Village Farmers C,GRP_qwbvyov
Wamama Mbele Faith Group,GRP_fkdbmds
Bondo Sl,GRP_ctjvmqr
Maendeleo Chap Chap,GRP_wpxciat
Kamadewe,GRP_jsvqklu
Kadhai Village,GRP_zdxwhoh
Kadhai Farmers,GRP_rsaacsm
Kojing Farmers B,GRP_vukickv
Kubar Village Farmers,GRP_mgumjad
Kamadwe Poultry Farmers,GRP_bhpkcib
Yenga B Village Farmers,GRP_txbiqwf
Mbele Pamoja,GRP_fzgorvg
Destiny Self Help,GRP_mardqtw
Gang Nyalaji Farmers,GRP_eaeress
Ohaya Village Farmers B,GRP_wvudgbw
Mulor A Village Farmers,GRP_mlfqgty
Orao Village Farmers,GRP_obzxnun
Sega Young Generation,GRP_irkwupb
Kanyioro Farmers,GRP_cbizaqy
Mwer Youth Group,GRP_siedhwv
Madiany Youth,GRP_hgzxzsy
Jina Community Farmers 2,GRP_wfuxyag
Olengo Youth Group,GRP_wbjuedp
Pap Boro Farmers,GRP_pdgqcst
Madiany,GRP_uwfpjnu
Sigomere Youths For Change,GRP_cxvfzhz
Ngura Farmers,GRP_idfkgfc
Alwal Owero,GRP_aaoqwqs
Luri Community Farmers 2,GRP_yqwwkwo
Agoro Lieye B Farmers,GRP_reekivf
Alwal Owero Village Farmers B,GRP_mwftegc
Luri B Village Farmers,GRP_uasowcb
Haga Farmers Association,GRP_qgcrnxx
Konyango Farmers,GRP_jcvwvlm
Masogo Community Farmers 3,GRP_sjmrhjn
Rai Stars Farmers,GRP_jtuybgh
Imbaya Farmers,GRP_cgldugy
Owera Community Farmers,GRP_fwbrqhl
Nyandiwa Village Farmers,GRP_pwqfxim
Nyawara Farmers B,GRP_ktfpffq
Uyonga Village Farmers,GRP_scpjlhq
Udonga Village,GRP_tlwqprg
Gongo Community,GRP_jqoqxtz
Ulaf Farmers,GRP_axxecii
Ungoma,GRP_nrinepo
Imbaya Village Farmers,GRP_bprdubk
Jina Community Farmers,GRP_mwsojjq
Sirongo Farmers,GRP_ncpouna
Maira Farmers,GRP_ixvyxyf
Uyonga Village Farmers B,GRP_zlodkds
Mos Mos E Wuoth,GRP_zmcfxmg
Mulor B Village Farmers,GRP_drbfmip
Yenga A Village Farmers,GRP_hopjgub
Masogo Community Farmers 2,GRP_ollpsyy
Gongo Community Farmers B,GRP_hjcipcd
Matera Christian Fellowship,GRP_xznphrs
Kikomba Village Farmers,GRP_vhdnggo
Wadhbar Farmers,GRP_ecxeisd
Obiero Community Farmers 2,GRP_lofgtwr
Tem Women Group,GRP_wsyxmuc
Awelo Farmers,GRP_dseuexv
Kadenge Youth Group,GRP_ojvaelw
East Asembo Youth Group,GRP_lcxpcgr
Agoro Lieye A Farmers,GRP_mvcdwsm
Jina Community Farmers 4,GRP_pcnlphp
Koluoch Women Group,GRP_zcxpcyg
Wadh Bar Community Farmers,GRP_pyrnghg
Ndisi Village Farmers,GRP_ixcimji
Kirindo Village,GRP_wctuqxx
Rai A Village Farmers,GRP_mbuqqpn
Songa Widows,GRP_vdnijzg
Pendeza Malunga,GRP_vctvqiv
Kadenge Youth Group B,GRP_mxruwrg
Angwe Boda Boda,GRP_xheanhs
Yenga A,GRP_ovfixhg
Wamama Mbele,GRP_mzugqhb
Luri Village Farmers B,GRP_tbfjfrh
Rapogi Farmers,GRP_zdshdph
Bar Ogongo Youth Group,GRP_umlphgy
Nyaredo Village Farmers,GRP_jrhlbbg
Kikomba Farmers,GRP_hxmsxdx
Rai Farmers B,GRP_scuturz
Andang Village Farmers,GRP_zqxptrg
Obiero Village Farmers B,GRP_izwaxex
Samanyinya Self Help Group,GRP_hzuospj
Kalenjuok Farmers,GRP_jfhkxlb
Rai Farmers,GRP_xoklmqu
Agulu Poultry Farmers,GRP_egirzaw
Apate Juakali,GRP_zcfylym
Got Osimbo Youths,GRP_gnxajyw
Kowet Youths,GRP_wfnfvpj
Guba Base Boda Boda,GRP_edqbklc
Nyawara Farmers,GRP_aulchyw
Luri Village Farmers,GRP_fdafodu
Udindi B,GRP_gahzfbd
Gongo Village Farmers,GRP_wmvjuvs
Jakinda Gowo,GRP_qmtkqaw
Uyonga Village Farmers C,GRP_lkpenny
Olengo B Youth Group,GRP_ljjnkvv
Riwruok E Teko,GRP_krlbhok
Korengo Farmers,GRP_owcwrrj
Jirani Moyie Self,GRP_mqlebvv
Yie Gi Timo,GRP_vxzfnvd
Anyuka Village Farmers B,GRP_dtrblui
Agage Moyie,GRP_edioawi
Ndisi Community Farmers,GRP_yiavgqw
Got Koyembe Poultry Farmers Group,GRP_mqsgrcp
Ndiru Community Farmers,GRP_zeeefua
Uhongo Shg,GRP_jzeqbze
Mbosie Community Farmers,GRP_caxlnjk
Kaugagi Hawinga Farmers,GRP_quwoxqk
Jina Uyoma Village Farmers,GRP_lgmbihk
Sinabuora Farmers,GRP_evdzuey
Mulor B Village Farmers 2,GRP_mxexkfc
Pap Boro Village Farmers,GRP_qojksnr
Mur Malanga Boda Boda Youth Group,GRP_tebiyhb
Nyalaji Boda Boda,GRP_cvbswnw
Agwe Farmers,GRP_uyfycbu
Andang Village Farmers B,GRP_eeiczcv
Rapogi Village Farmers B,GRP_pttwvbb
Achievers Silc Shg,GRP_tocubvn
Jina Community,GRP_smqfgnx
Nyaredo A B Village Farmers,GRP_kefxvnm
Olengo. B. Youth Group,GRP_mkinxow
Adodi Farmers,GRP_kzsdvho
Ndiru Youth Group,GRP_oqrwtwp
Luri Village Farmers C,GRP_dmnqnws
Agwe Village Farmers,GRP_pkwgpte
Kmtc Bodaboda Youth Group,GRP_kjavsqm
Imbaya Community Farmers,GRP_aaawzhr
Sagam Youths,GRP_qmlrpsp
Siaya Pickup Association,GRP_qkreblk
Nyaredo Village Farmers B,GRP_tnlmjcj
Wadh Bar Farmers,GRP_gzsrpps
Rai B Village Farmers,GRP_blvnirk
Luri Community Farmers,GRP_lvcfblp
Mine Pamoja,GRP_qlyhukj
Alwal Owero Village Farmers,GRP_lmpubtq
Marenyo Village Farmers,GRP_vxxdyug
Owere Village Farmers,GRP_azmsuut
Simba Ululu Village Farmers B,GRP_yimsclq
Gang Mungao Village Farmers,GRP_lzzrndd
Kojing Farmers,GRP_lgycvwc
Kobor Farmers Group,GRP_pmubimk
Hera Silc,GRP_ejmjtyl
Otit Village Farmers,GRP_mouydfq
Riwruok E Teko Self Help Group,GRP_xqlvfqa
Rawa Central Farmers,GRP_jxkfthr
Gongo Community Farmers,GRP_olsznor
Rai B 2 Village Farmers,GRP_nsxxyuu
Nyadhi Boda Boda Youth Group,GRP_gjagxqy
Ndisi Village Farmers B,GRP_jvaykni
African Mission,GRP_tjfmrko
Jera Farmers Association,GRP_gdnmghk
Mur Ngiya Farmers,GRP_nazwumd
Prisons Youth Group,GRP_colakwo
Mbaga Umoja,GRP_nwwrfhl
Kamadewe Farmers,GRP_ceqkitf
Siwadhe Youth Group,GRP_ocmrugm
Asre Farmers,GRP_rpdiyiw
Obiero Community Farmers,GRP_mrmewkk
Rapogi Village Farmers,GRP_zfqgote
Anyuka Village Farmers,GRP_ldesnhj
Otit Widows,GRP_nkxobjt
Central Gem Moyie Farmers,GRP_cicmdsi
Nyaredo Village Farmers 2,GRP_ebtlkop
Nyaredo A Village Farmers,GRP_djfbqqm
Rakuom Widows,GRP_pzptklw
Mbosie Community Farmers 2,GRP_rifrocn
Rai B Farmers,GRP_hgauzmj
Kaluo Chp,GRP_dkcsian
Gem Central Moyie Farmers,GRP_hfsirsd
Kobare Bodaboda Youth,GRP_ywmywte
Nyangoma Kogelo Woman,GRP_feuqvxi
Udida A Farmers,GRP_tpirajh
Agoro Kanyioro Farmers,GRP_sboxwnz
Yenga Village Farmers,GRP_mqblznu
Nyawita Moyie,GRP_vngvqfl
Sinani Women Group,GRP_krfylll
Kagoa Silc,GRP_tehpmnv
Orao Farmers,GRP_vbqajpi
Seje Moyie,GRP_jdwntch
Rai Stars,GRP_rtjdvwm
Hospital View Youth Group,GRP_oxtexjy
Agwa Village Farmers,GRP_emoptsd
Kubar Farmers,GRP_mjmlqca
Kanyango B Farmers,GRP_upxkotp
Kubar B Village Farmers,GRP_dwwlydx
Nyabera Village Farmers,GRP_ifzxndy
Upanda Bodo,GRP_pbdhfxf
Mbele Pamoja A,GRP_ncwihbg
Kubar Community Farmers,GRP_rzyndgd
Kagwada Motorcycle Youth Group,GRP_wrvluon
Rai B 3 Village Farmers,GRP_prxnqas
Jina Community Farmers B,GRP_lkbrsnh
Luri Village Farmers D,GRP_kekvkeg
Gongo Community Village Farmers,GRP_waullmn
Nyaredo Village Farmers C,GRP_xzvnagt
Rei A Farmers,GRP_majkmfs
Township Cooks,GRP_ywsvfzo
Mur Malanga Poultry Farmers,GRP_mamdoqe
Rid Wiyi Women Group,GRP_plnecjp
Apate Committed,GRP_qkosapd
Pendekesha,GRP_kaiytjx
Dondi Farmers,GRP_pmiygeu
Kubar A Village Farmers 2,GRP_lrtdcss
Hospital View Boda Boda Youth Group,GRP_jnxamac
Agwe Village Farmers B,GRP_wdgirut
Rai C Farmers,GRP_jyrxkix
Wadhi Bar Village Farmers,GRP_kontszw
Pendeza A,GRP_igjrxfe
Apate Commited,GRP_olpoyvt
Faith And Action,GRP_elmarzi
Futro Farmers,GRP_djhzptm
Yenga A2 Village Farmers,GRP_azqhact
Guba Base,GRP_yrcvlsz
Gongo Community Farmers 2,GRP_ylbipsi
Apate Cbo,GRP_qztbofo
Mbaga Umoja Self-Help,GRP_gahrcuj
Urogi B Youth,GRP_oyztmbp
Nyisango,GRP_souzome
Maendeleo Chap Chap B,GRP_ppemykb
Upendo Siaya Township Claster,GRP_tdfokid
Nyadhi Farmers,GRP_ptpqanq
Kamfuas Neighbors,GRP_ifqnydw
Jirani Moyie,GRP_qerhoac
Pandi Sdg,GRP_zifulxi
Amani Farmers,GRP_cxrxzot
Jina Community Farmers 3,GRP_qutchhj
Sirongo Shg,GRP_fnccbsc
Hospital View Tumaini,GRP_ykdjrtw
Wadh Bar Village Farmers,GRP_offtwed
Yenga A2 Village,GRP_yfvnoud
Udonga Farmers,GRP_qmdvtpj
Kobor Village Farmers,GRP_hbtfenr
Bar Ogongo Youth,GRP_ushmjwn
Kirindo Farmers,GRP_dtdvwwq
Agwa Farmers,GRP_idbcwqw
Amani Group,GRP_effyefw
Kobare Bodaboda,GRP_nlqjjgf
Udindi B Farmers,GRP_wmymqjk
Kadenge Youth Group 2,GRP_dfpfrun
Nyandiwa Village Farmers B,GRP_vajdzty
Youth Group,GRP_miqeuim
Matisi Youth Group,GRP_ngioivw
Mailsaba Grop,GRP_fvbturw
Vetty Group,GRP_zumkedn
Makutano Women,GRP_sqibaec
Veterinary Group,GRP_qsomwvf
Kapsegei Farmers,GRP_ihoolrw
Kapsegei Women Group,GRP_xtgzulg
Pandap Tai Group,GRP_aoluvdv
Aggressive Group,GRP_nbywrps
Able Members Group,GRP_itqgzny
Kapretwa Farmers,GRP_ufitfdu
Kinyui Mango And Fruits Shg,GRP_fedtkki
Kinyui Mango And Fruit Group,GRP_eikvoio
Nguumo W Group,GRP_ztumhjy
Aka Ma Wendo Museo Group,GRP_ndyjteb
Ngwata W Group,GRP_dkdqoml
Mangauni Women Group,GRP_vzmqtsr
Kiembeni Women Group,GRP_qtzoyyj
Atumia Ma Mwatate Group,GRP_vbtwdfy
Etela Woone W Group,GRP_kxaipmh
Blessed Mothers Group,GRP_xstrxdm
Kuweta Na Kweka Group,GRP_rvhkfmp
Utui Museo Group,GRP_fgvland
Mutui Museo Group,GRP_uahbiig
Mutui Museo W Group,GRP_gblquda
Kwa Mulinga W Group,GRP_itqaydr
Welea We Nau W Group,GRP_syitzgf
Welea We Nau Group,GRP_nbdtdfq
Kyeni Kya Kyaume Group,GRP_kehzeaf
Weewa Uma Group,GRP_tnbqtao
Weewa Uma W Group,GRP_ipvueod
Mtaa Young Mothers Group,GRP_kgqavne
Muuo Wa Mbivini Group,GRP_xdnzifz
Kivutini W Group,GRP_noalswj
Wendo Kilulueni Group,GRP_pgjcilq
Weenda Ukooka Group,GRP_arofqlk
Uvuukyo W.Group,GRP_uafertb
Kyeni Kya Sofia Group,GRP_xujidwj
Kyeni Kya Sofia,GRP_yidkoaz
Mutui Mbitika W Group,GRP_lnkkakc
Mutui Mbitika Group,GRP_nvinfnr
Kalumaita W Group,GRP_zwvxxfw
Kalumaitu W Group,GRP_wsgwqmq
Etela Woone Group,GRP_wriakva
Katulu Self Help Group,GRP_dvrmeti
Uumisyo Kinyui Group,GRP_ayzalrn
Mawe Men Self Group,GRP_kuraefo
Uumisyo W Group,GRP_qtewjfq
Aka Aima W Group,GRP_rebylsw
Aka Mesene Group,GRP_ucfarsr
Kyaka Maka W Group,GRP_olcqtym
Vinya Wa Musyi W.Group,GRP_cihxwsh
Vinya Wa Musyi Group,GRP_snaoeke
Uumisyo Wa Kinyui Group,GRP_nvawhvz
Aka Aima Group,GRP_pmxjlot
Mwoloto Wa Kikauni W Group,GRP_wtalymr
Mwoloto Wa Kikauni Group,GRP_ptpklma
Aka Wendo Wa Museo Group,GRP_kafqviz
Aka Ma Wendo Museo,GRP_irrmhnv
Mwoloto Wa Kikauni Group.,GRP_imlcvsp
Kitunduni Lake W Group,GRP_xohfbyu
Ndeini W Group,GRP_njspmjv
Ndeini W. Group,GRP_vaalwoq
Ndeini W.Group,GRP_litnaju
Kathome Dairy Farmers Group,GRP_votayfg
Muuo Wa Mwatate Group,GRP_xzdprhk
Muoo Wa Mwatate Group,GRP_rfnwiwg
Mathei Ma Aka Group,GRP_hvqxlfz
Wendo Wa Aka Group,GRP_qbjypgd
Aka Ma Wendo Group,GRP_aooxyli
Muthetheni Makutano Dairy Farmers Group,GRP_vqdsawm
Muthetheni Makutano Dairy Farmers,GRP_wdhzdwv
Mangauani W Group,GRP_qwhmdws
Makuli W. Group,GRP_gekhhzk
Makuli W.Group,GRP_tybnedz
Mutui Museo,GRP_olrxjei
Makuli Cbo Group P,GRP_ktynjbb
Makuli C B O Group,GRP_camftcy
Makuli C B O Group Q,GRP_yqczysh
Kwa Mumo Village Group,GRP_wnapfuo
Makuli Cbo Group,GRP_crgyoli
Mbee Ndimwene Group,GRP_gwzathn
Mwanzo Mpya Group,GRP_ytuddvt
Amuka Tuthi Group,GRP_mqhorig
Ngwate Kwoko Ngukwate Group,GRP_mjihzlf
Ngwate Kwoko Ngukwate,GRP_ctoascw
Kyeni Women Group,GRP_vdcervz
Kiaoni W.Group,GRP_jzonpzy
Nguumo,GRP_tsoxdsh
Kyeni Kya Utui Group,GRP_keojjlp
Kyeni Kya Utui W Group,GRP_vyymljt
Neema Group,GRP_bvmnchu
Neema W.Group,GRP_tvqhidl
Neema Group Kwa Mulinga,GRP_twbptng
Kisambarauni W Group,GRP_zbyxxlm
Kisambarauni Group,GRP_cmxohhx
Kisambarauni W Group.,GRP_snmunyn
Wendo Museo Group,GRP_zpcqugn
Kuvinduka Na Ivinda Group,GRP_qxwdejk
Utui Wa Macedonia Group,GRP_fgkhoqb
Ilolondo Ya Siamama W.Group,GRP_lesitsw
Ilolondo Ya Siamama W Group,GRP_ybnlqpw
Ilolondo Ya Siamama Group,GRP_vocvzsp
Muuo Wa Mwatati,GRP_svewgna
Queens Melody W Group,GRP_nesjhge
Uvuukyo Wa Uamani W Group,GRP_hjacugj
Aka Mene Mbee Group,GRP_tccfqhq
Kyeni Kya Kyaume,GRP_wmbzahp
Aamatemakea W Group,GRP_bcunzve
Makutano Muthetheni Group,GRP_yjbvjqb
Muthetheni Makutano Farmers Group,GRP_ngeffpe
Makutano Muthetheni Farmers Group,GRP_uhyfode
Kyeni Kya Soko,GRP_mplqcov
Kyeni Kya Soko Group,GRP_jsxzvxw
Kyeni Kya Sofia W Group,GRP_bizpluh
Kyaume Kya Sofia W Group,GRP_fwrejpr
Kyeni Kya Sofia W Is,GRP_czvbdcc
Mutui Mbitika W.Group,GRP_wrciqqq
Friday Mothers Group,GRP_llvjpoi
Utui Valanda Group,GRP_jnonxeg
Mutui Valance Group,GRP_bktpqps
Twoone Mbee Group,GRP_zcauqrj
Twoone Mbee W Group,GRP_tnmloyn
Kyeni Kya Ngomeni Group,GRP_cuepldm
Kyeni Kya Ngomeni W.Group,GRP_mfdtilv
Ngwatanio Ya Atumia Group,GRP_rdkrpvq
Amuka Tuthi W Group,GRP_easvwpd
Kyasioni W Group,GRP_xfakmah
Ndethye Ngutethye W Group,GRP_zjnejlo
Ndethye Ngutethye W,GRP_jjsiimh
Nthenya Ngutethye W Group,GRP_dwbrcjv
Ilolondo Ya Kiuu W Group,GRP_mllooyz
Ilolondo Ya Kiuu,GRP_jylrexl
Kikuvi W.Group,GRP_kbfrbwq
Kinyui Umiisyo Women Group,GRP_qjyduef
Uumisyo Kinyui W Group,GRP_uucoldk
Wendo Museo W Group,GRP_oxshjfb
Katheka W Group,GRP_crtbicj
Mathei Ma Aka W Group,GRP_eppchjm
Kwa Mumo Group,GRP_bzpwxyd
Kws Mumo W Group,GRP_mdycfie
Muuo Self Help Group,GRP_hjxvlii
Muuo Self Help W Group,GRP_yogimkg
Muuo Shg,GRP_iqfumqn
Wendo Umwe W Group,GRP_ogyfffc
Muuo Wa Amwe W Group,GRP_suomrur
Muuo Wa Amwe Group,GRP_lnxhzwt
Aka Aima W Group And,GRP_wdhrdps
Utui Museo W Group,GRP_svbxalg
Muuo Wa Mwatate,GRP_cjllqbp
Esuvie W Group,GRP_hvzbzwb
Esuvie W,GRP_dtanuft
Siamama W Group,GRP_gnxiwga
Ekokani W Group,GRP_ukhnepn
Kwa Neema W.Group,GRP_uosgwmf
Ngwata Kwoko Ngukwate W Group,GRP_zcxyoiu
Ilolondo Ya Kiuu W,GRP_vqzivvk
Aka Ma Wendo Museo W Group,GRP_cjgdyaa
Wendo Wa Aka W Group,GRP_avldncu
Kuvinduka Na Ivinda W Group,GRP_bhrzfjs
Utoi Wa Kaseve Group,GRP_kvedlqk
Utoi Wa Kaseve,GRP_svvyvfp
Utui Wa Kaseve Group,GRP_tbauwrm
Utui Wa Kaseve,GRP_vjgclgt
Kyaseka W Group,GRP_rxhcmrp
Katulu W.Group Tala Ngomeni,GRP_upxzfoi
Katulu W.Group,GRP_uvkbewp
Katulu W Group,GRP_bdxbcnf
Mawe Men Self Help Group,GRP_qvutmya
Aka Mesene W Group,GRP_mzdymfw
Monday Afternoon Group,GRP_gfbgfcb
Monday Afternoon W Group,GRP_axpdggp
Aima Aka W Group,GRP_lmpgvrq
Mathei Ma Aka Wgroup,GRP_wedgpeh
Aka Twoone Mbee W Group,GRP_juqgdnj
Ngwate Kwoko Ngukwate W Group,GRP_mihpsvz
Makoli Cbo W Group,GRP_gsgsami
Mutui Museo W. Group,GRP_apovhzc
Kyeni Kyaume W Group,GRP_eunkvqp
Kyeni Kya Kyaume W Group,GRP_hhmeykm
Kwa Kathule Dairy Farmers,GRP_kqnfypg
Kathiani W Group,GRP_mnzjuyc
Kwa Mumo Self Help Group,GRP_wmoukbf
Kwa Kikoyo W Group,GRP_yjrbkbo
Kwa Kikoyo W.Group,GRP_glokpym
Uumisyo Wa Aka Kamutini W Group,GRP_lytxaab
Umiisyo Wa Aka W. Group,GRP_iykejbq
Uumisyo Wa Aka W Group,GRP_eaamiya
Kwa Kikoyo/Kingangi W Group,GRP_bdqloju
Kanyamaa W.Group,GRP_skhhfwc
Aamatemakiaa W Group,GRP_fqftbms
Amatemakia,GRP_xftltvn
Kiembeni W.Group,GRP_libpwrh
Nthangathini W Group,GRP_lfiazmu
Thangathini W Group,GRP_fjhlefy
Atumia Ma Mwatate W Group,GRP_qxephiw
Atumia Ma Mwatate,GRP_hrloupe
Muuo Wa Mililo W Group,GRP_fneoahp
Mumo Wa Mililo W Group,GRP_qodbtie
Mumo Wa Mililo Group,GRP_ytyiwuz
Kiaeni W Group,GRP_ppcsoth
Kiaeni Sh Group,GRP_wovsjzp
Kikuyuni,GRP_gsfygmv
Kikuyuni W Group,GRP_hryyacx
Uma Tuthi W Group,GRP_qvdijus
Kuetheketha W Group,GRP_bsoxtvy
Kwitheketha W Group,GRP_usdagtx
Wisuvie W Group,GRP_ugylmra
Home Circle W Group,GRP_muvwhbs
Ebenezer W Group,GRP_lftpvvf
Ebenezer W. Group,GRP_nphapwc
Tuthi Kana Utiwe W Group,GRP_tervlos
Tuthi Kana Utiwe Group,GRP_hkvvtvq
Tijuana W Group,GRP_tcxzpzj
Tuinuane W Group,GRP_cknwssm
Utui Wa Ngwata B W Group,GRP_tczruan
Utui Wa Ngwata W Group,GRP_wgjewdg
Ndata Ya Kituluni Group,GRP_mxqqjmf
Ilolondo Ya Sm Group (Stephen Mutheni),GRP_tejvbzq
Ilolondo Sm W Group,GRP_vtxiile
Ilolondo Ya Sm,GRP_bzhaagg
Ilolondo Ya Sm W Group,GRP_gwlivnh
Kyeni Kya Mukukuni W Group,GRP_zodfzvv
Kyeni Kya Mukukuni Self Help Group,GRP_givynaq
Kaza Mwendo W Group,GRP_tirppbz
Kaza Mwendo W.Group,GRP_riugqvq
Rafiki W Group,GRP_zkqrihb
Kaseve Village Group,GRP_phtrltf
Neema Kyawaa W Group,GRP_kbkvjgh
Neema W Group,GRP_canuhem
Kaseve Group,GRP_eyprgmz
Ilolondo Ya Ilikoni W.Group,GRP_autovok
Ilolondo Ya Ilikoni W Group,GRP_eavpzhb
Muuo Wa Makueni,GRP_xynrhyj
Makueni W Group,GRP_eelmcqr
Muuo Wa Makueni W Group,GRP_kyuyceh
Mutwani W Group,GRP_jfvbuag
Aamatemakia W Group,GRP_cyclmxw
Muuo Wa Mwatate Sh Group,GRP_qkrtpnc
Muuo Wa Mwatate Self-Help Group.,GRP_isfaesg
Kyeni Kya Soko W Group,GRP_hrsofpc
Utui Wa Ngwata A W Group,GRP_vvmfyxb
Isinga W Group,GRP_fnaudnj
Ilolondo Ya Sm Group,GRP_jzwfjfa
Muuo Wa Mbavini W Group,GRP_dvggkhf
Uka Tuthi W Group.,GRP_yxfassa
Uka Tuthi W Group,GRP_qeupiwz
Kiembeni Women Group A,GRP_uvjzeja
Uvuukyo W Group,GRP_tncdlaw
Aka Mene Mbee W Group,GRP_flizueu
Mutui Mumelo W Group,GRP_sbfbhyv
Muuo Wa Mwatati Group,GRP_utqfdal
Kuvinduka Na Ivinda W.Group,GRP_hokzhtz
Kandani W Group,GRP_rxyhvzj
Wendo Wa Umwa Group,GRP_nuoeyzr
Uumisyo Wa Kavumbu W Group,GRP_bhpspdc
Uumisyo Kinyui,GRP_labftdy
Uumisyo Wa Kinyui,GRP_xxglbfb
Kuvinduka And Ivinda W Group,GRP_ujrqfdw
Neema W.Group Kwa Mulinga,GRP_bfnsdqi
Kielelo Group,GRP_owavofb
Kielelo W .Group,GRP_jcbpjiu
Ndata Ya Kituluni W.,GRP_dfalcup
Active Mothers Group,GRP_zfrfnpa
Twonane Kwakya W Group,GRP_sqbrmuf
Twonane Women Group,GRP_ziudlss
Weendesyio W Group,GRP_kuikwvr
Wendesyio W Group,GRP_dshnvsl
Mwoloto Wa Kikauni Self Help Group,GRP_objojrh
Uvuukyo Self Help Group,GRP_bhkuxaf
Kathome Dairy Farmers,GRP_ivytotp
Uumisyo Wa Kinyui W.Group,GRP_lrkpeeh
Blessed Mothers Isooni,GRP_njhaqbr
Isinga Winner Group,GRP_bgtoeet
Katulu Self Help W Group,GRP_tglxybz
Kyakamaka W Group,GRP_wnljvrq
Utui Valanda W Group,GRP_coysaco
Mutui Valanda W Group,GRP_hkkesni
Nesa Nenyo W Group,GRP_ticstqp
Nesa Neyo W Group,GRP_uxtwklq
Wikwatyio Wa Aka Group,GRP_ftwtsdc
Wikwatyo Wa Aka W.Group,GRP_xkpdhoc
Wikwatyio Wa Aka W Group,GRP_myplzhq
Muuo Wa Mbavini,GRP_oefccov
Mwoloto Wa Kikauni,GRP_rejxuqm
Mbenini W Group,GRP_rnsxnjn
Wilea We Nau W Group,GRP_kxljstu
Wilea We Nau Group,GRP_sulhfzw
Muuo Wa Mwatate Sh Group.,GRP_lkcieca
Macedonia Group,GRP_wcrnpnn
Aka Mene Mbee,GRP_lsoigwk
Kuma Nzeo W Group,GRP_uidjohu
Weendeesyo W Group,GRP_mjgxqml
Macedonia Self Help Group,GRP_hgdtmxj
Macedonia Sh Group,GRP_kfqjpwz
Munyu Mweu W Group,GRP_tvjdmoj
Wendo Museo,GRP_uvyomxy
Fao Farmers Group,GRP_iusfbqx
Kyakamaka Sh Group,GRP_cgrrrgd
Ninyooka Nivika Va Group,GRP_nkupzum
Ninyooka Nivika Va W Group,GRP_iiwnfui
Kambuvu W.Group,GRP_eneffiq
Kavumbu W Group,GRP_jupziwe
Mutui Mbililo Group,GRP_dhneaty
Mutui Mbililo W Group,GRP_znympen
Ilolondo Ya Muuo,GRP_qpfjipu
Ilolondo Ya Muuo W Group,GRP_yrvcbdv
23 Sisters W Group,GRP_jxqhylg
Muuo Wa Amwe W,GRP_wedvizg
Ngwata Kwoko Ngukwate W,GRP_fiikqnr
Blessed Mothers W Group,GRP_yhwzfov
Uamani/Mbavini Farmers W,GRP_nrddkdo
Uamani/Mbavini Farmers Group,GRP_bdwehph
Uuamani/Mbavini Farmers,GRP_fdevaah
Kanini Kaseo W Group,GRP_kwmfpmn
Kanini Kaseo W,GRP_knooamw
Uumisyo Wa Kamutini W Group,GRP_xxmkcmp
Wendo Museo W,GRP_yyyivzp
Mangauani W Group Tala,GRP_fkiushb
Ngui Ti Kiembeni Women Group,GRP_nwfyvmv
Kiembeni Ti Kiembeni Women Group,GRP_pacqbdx
Mtaa Active Mothers W Group,GRP_inbxxbh
Active Mothers W Group,GRP_kjdnsqa
Kaza Mwendo W,GRP_gupsscq
Ndokanio W Group,GRP_piiaped
Ndokanio Group,GRP_ltlecty
Uuamani Mbavini W Group,GRP_hwxiqbk
Uuamani Mbavini Sh Group,GRP_gamocaz
Aka Akuu W Group,GRP_lnzlqum
Katholi W Group,GRP_glrevit
Ilolondo Ya Nguliao,GRP_nfoauvn
Ngolio North W Group,GRP_kyluuuf
Ilolondo Ya Ngolio North W Group,GRP_znsklkm
Ilolondo Ya Ngulio North W Group,GRP_zwrsggn
Uamani Mbavini W Group,GRP_glgdmic
Uamani Mbavini Sh Group,GRP_qaxxwlh
Mutituni Farmers Group,GRP_qenhvrm
Mutituni Farmers,GRP_hbihcif
Wendo Museo Wa Aka,GRP_rnjyegl
Wendo Museo Aka W Group,GRP_zymdvbh
Macedonia W Group,GRP_ujogubm
Kaseve W Group,GRP_ajehrae
Ilolondo Ya Muuo Group,GRP_tiwrtxf
Kambusu W Group,GRP_ntuqlfx
Uumisyo Wa Kamutini W,GRP_jxcafqm
Mumo Wa Aka W Group,GRP_tqrkafk
Muuo Wa Mbivini W Group,GRP_mlbbprj
Kevumbuni W Group,GRP_gleqqxc
Kevumbuni W 3,GRP_istrtqr
Ngui Ti Kiembeni Women Group Atu,GRP_zgtukql
Ninyooka Nivika Va,GRP_xehmfmq
Ilolondo Ya Katulu W.Group,GRP_rspjdmu
Ilolondo Ya Katulu W Group,GRP_lqvhipm
Uuamani Mbavini Sh,GRP_wclvczu
Smart Grow Self Help Group,GRP_zrxkmuj
Smart Self Help Group,GRP_lcqbjai
Smart Grow Self Group,GRP_volyecy
Mwoloto Wa Kikauni W,GRP_jqqktin
Kithumuoni W Group,GRP_wkafkig
Kikaluni W Group,GRP_eqvouqz
Uumisyo Wa Aka,GRP_thgyboa
Aka Ma Uumisyo W Group,GRP_gkhjekb
Wendo Wa Kelulueni Group,GRP_tpcxtoe
Ngui Ti Kiembeni W.Group,GRP_fxzvlst
Mbukelye Ngukukye W Group,GRP_ljukcgq
Kituluni W Group,GRP_mgcgpns
Mbukelye Ngukelyew W Group,GRP_nipmpqg
Osa Vinya Mundu Muka W Group,GRP_tqpznfv
Mutata W Group,GRP_uxagmzt
Smart Grow Self Help,GRP_popnwid
Thome Wa Uamani W Group,GRP_thvipoa
Utheu W Aka W Group,GRP_msfjamc
Utheu Wa Aka W Group,GRP_twhawgi
Enjoy Mothers W Group,GRP_qbnnqjk
Enjoy Mothers Group,GRP_xqvjszf
Kituluni Self Help Group Secretaray,GRP_ciqesfk
Barakeiwet Joywo Group.,GRP_pkhhjoa
Group 2 Chebigoi Sda Prayer,GRP_hxubpcc
Lamaiwet Nasep Group.,GRP_ifoqyez
Kapungut Joywo Group.,GRP_ijsgqqy
Kosakata Joywo Group.,GRP_qshudne
Barakeiwet Morning Star Group.2,GRP_eygzovh
Kap Kumur Silk Group 2.,GRP_eriwppn
Kalyet Barakeiwet Group.,GRP_zetwecy
Kalyet Barakeiwet Group,GRP_lecxzbi
Kalosunet Silk Group.,GRP_msjqlnm
Kebulwet Silk Group.,GRP_gemqqvp
Reformers Group,GRP_ntonyke
Namgoyet Joywo Group,GRP_zqicgxj
Kayanet Seretyo Joywo Group,GRP_vbkehdp
Umoja Joywo Group.,GRP_bqqrqvs
Brothers And Sisters Merry-Go-Round Group.,GRP_jtlolow
Kapkumur Silk Group,GRP_fpbqmqk
Mogoiwet Nasep Group,GRP_azmeblf
Si Order Group,GRP_llqocyw
Mogoiwet Dip Baraza,GRP_vvusijm
Taunet Ne Lel Self Help Group,GRP_aftligs
Chomyet Merry-Go-Round Group,GRP_eppakjm
Mt. Zion Joywo Group,GRP_zjjgsgf
Kap Ngorom Women Group,GRP_nhxqbuk
Olserkech Scheme Group.,GRP_nuzcrpb
Kipngeru Juhudi Group,GRP_vyudahq
Gotap Leketio Joywo Group.,GRP_jgvufog
Gotap Leketio Joywo Group,GRP_pfuhlmn
Blessed Hand Juhudi Group,GRP_ecxhvve
Chepkoyo Silk Group.,GRP_bosgslx
Kennedy Marithm Home,GRP_gghnizd
Tuyobei Lemook Apex Group,GRP_oiydawp
Jamarot Silk Group,GRP_yplqufb
Kipakenge Joywo,GRP_bmpplgy
Mumetet Gaa Joywo Group.,GRP_wwsbcug
Biribiriet Lelmokwo Agricultural Training Group 2,GRP_gahdzsj
Kapngetich Agricultural Training Group 2,GRP_ditnnak
Silk Group.,GRP_nrticdq
Koikaro Silk Group.,GRP_dlykijw
Kisabei Husler Joywo Group,GRP_oguylla
Roman Catholic Teachers Group,GRP_fumkroq
Jebarus Joywo Group A,GRP_sqpsbfn
Tamboyo Shiners Silk Group,GRP_lwobxlm
Brothers And Sisters Merrigo Round Group,GRP_afojljv
St Luke Teachers Group,GRP_fmcgaiz
Kuryot B Joywo,GRP_keiceqr
Jebarus Joywo Group 2,GRP_cvwyyoe
Judea Kebulwet Joywo,GRP_ztaiire
Barakeiwet Joywo Group,GRP_lajqnfs
Tamboyo Group 2 Silk Group,GRP_kytqesc
Surupea Joywo Group,GRP_kthkbqq
Kuryot Joywo Center Kwanza Group,GRP_ceszbfd
Ngeny Barak Joywo Group 2,GRP_zphmpyu
Kuryot J,GRP_zwflfla
Chebigoi Sda Prayer,GRP_bwjhkta
Nyabite Buying Center Farmers,GRP_fbkujpq
Nyagwetigana Women Group,GRP_zxzciir
Ebate Buying Center Farmers,GRP_scvwssr
Kebariga Women Group,GRP_hprlejd
Mama Mcatholic Group 47,GRP_hgmnkrg
Mama Mcatholic Group 476,GRP_daabbwc
Chikamati Widows Women Group,GRP_eldhpyw
Chikamati Widows Women P,GRP_aizdncf
Nyamwobo Self Help Group,GRP_diinohf
Tujenge Self Help Group,GRP_fjddtll
Mama Mcatholic Group 37,GRP_dihvuhz
Enyage Women Group,GRP_fblgqbj
Tigo Windows Farmers Group,GRP_vvqhovd
Slick Self Help Group,GRP_ruivsvk
Slick Self Help,GRP_zgvmbgj
Mama Mcatholic Group 6,GRP_xfyrwnz
Kionyanya Women Group,GRP_hlrekky
Kionyanya,GRP_hqfthqo
Mabariri Coffee Farmers,GRP_yatbrqp
Kioge Catholic Church,GRP_omwjwkf
Kioge Catholic Choir,GRP_zxoqlct
Mageri Elders Group,GRP_kkhweie
Chikamati,GRP_migtdca
Kioge Disabled Women Group,GRP_kgvhdde
Omosaragei Women Group,GRP_zecxjfz
Tigo Self Help Group,GRP_bigtxng
Bomagesi Women Group,GRP_duwpftx
St Monica Farmers Group,GRP_efmgebk
Gekendo Buying Center Farmers,GRP_hcuazba
Mabariri Coffee,GRP_khdogvk
Eronge Nyareku Youth Group,GRP_gwnbndc
Nyamwobo Self Help,GRP_vwffbjf
Kioge Church Choir,GRP_ayvqpbs
Bonogwe Self Help Group,GRP_garvrbk
Omogetutu Women Group,GRP_fcysnjy
Mama Mcatholic Group 3,GRP_mkdznss
Osho Welfare Farmers Group,GRP_uhuwufd
Mwa Chweya Farmers Group,GRP_zmljhtp
Viusasa Self Help Group,GRP_jnfxguz
Monga Omogoko Women Group,GRP_oahanxy
Omogoko Women Group,GRP_spojxkr
Bokiige Cig Group,GRP_jujgfxy
Mageri Farmers Group,GRP_pfvqovp
Viusasa Women Group,GRP_bfkwhbr
Nyabite Buying Center T,GRP_ogkzxez
Nyabite Buying Center,GRP_lxuqsek
Bokeira Youth Group,GRP_dvshkzr
Kiabiraa Youth Group,GRP_qutcspj
Nyabomo Self Help Group,GRP_asnhqqf
Eronge Youth Nyareku Group,GRP_xlejwlp
Nyabweri Youth Group,GRP_opoxxhy
Mageri Elders Farmers Group,GRP_dppuznz
Bomwagamo Youth Group,GRP_vmarhqe
Bokeira Farmers Group,GRP_sqqjcgz
Osho Walfare Group,GRP_qyniphf
Chikamati Widows Women,GRP_mcxkcru
Ekerenyo Youth Group,GRP_xujzxux
Ekerenyo,GRP_iopgwkl
Osho Walfare,GRP_hdousmb
Bundo Walfare Group,GRP_fuuvmbu
Minto Mwa Chweya Group,GRP_kvjpyri
Enyage Self Help Group,GRP_ynixxch
Nyabite Buying Certer Farmers,GRP_modcvbx
Ebate Buying Certer Farmers,GRP_mopbgka
Enyage Women Group B,GRP_chyszed
Kionyanya Women,GRP_ffacnli
Monga Omogoko Self Help Group,GRP_uvrloys
Roga Main Self Help Group,GRP_lydcbyb
Mabariri Village Farmers,GRP_ljfklgg
Gekendo Buying Certer Farmers,GRP_pcvfacb
Nyakeonya Self Help Group,GRP_leikoil
Kiamogake Self Help Group,GRP_syxfxxe
Nyamokia Self Help Group,GRP_gpayycf
Engacaro Women Group,GRP_dtptwex
Mabariri Coffee Group,GRP_efywwuy
Imani Nyankono Women Group,GRP_mfxdojz
Omwakenya Walfare Group,GRP_pxavdcd
Bomaeke Self Help Group,GRP_gfbtcuf
Kioge Widows Women Group,GRP_vrxmdom
Ritobori Women Group,GRP_ifwpnzn
Make Ya Women Group,GRP_qgfyaaw
Viu Sasa Women Group,GRP_dhkjyst
Nyakenyomisia Self Help Group,GRP_tzdvqsv
Tuinuane Group B Farmers,GRP_ettnzsy
Tumaini Self Help Group,GRP_pvjyluz
Maji Mzuri Walfare,GRP_wtkfntd
Kioge St Cherome,GRP_absjmcg
Mwancha Farmers Group,GRP_pfkbtdw
Mwancha Self Help Group,GRP_hofhvod
Nyangono Irandi Farmers Group,GRP_kontcgt
Zone,GRP_zkzozkh
Bisembe Coffee Factory Farmers,GRP_admblow
Sironga Field Day Farmers Group,GRP_moximzo
Osho Welfare Farmers,GRP_fgkiinx
Igare Bodaboda Self Group,GRP_ihowqej
Happy Mothers,GRP_gjgmhzt
Katra Farmers,GRP_zatdnmk
Kahrobpoultry,GRP_pyuxihc
Kahro Water Project,GRP_mgihbcv
Kahero Water Project,GRP_eldolfz
Umoja Women Shg,GRP_ozqlcox
Karinde Jiinue,GRP_dhbwkfo
Happy Mothers 2021,GRP_hqkpoai
Kahero Poultry Shg,GRP_oihoskx
Kahero Poultry,GRP_lfionyd
Muthiga Gishesheni,GRP_lqkpbnc
Muthiga Gishesheni Shg,GRP_eaojxnv
Kinoo Shg,GRP_ireqayf
Karinde Navcdp,GRP_dbgdriv
Muthiga Navcdp,GRP_apcuxsq
Gikambura Navcdp,GRP_tdpkqit
Kinoo Navcdp,GRP_zgwuqzw
Kikuyu Navcdp,GRP_zqzeoqn
Kikuyu Nabcdp,GRP_ctvymnh
Kabete Navcdp,GRP_lyuiufu
Gitari Navcdp,GRP_yraosnz
Nachu Navcdp,GRP_ikkxquj
Nachu Women,GRP_aokcyrq
Sigina Navcdo,GRP_rasjozd
Sigona Naclvcdp,GRP_azimybf
Sigona Navcdp,GRP_cnhptpo
Kinoo Meeting,GRP_bmzmutn
Konoo Navcdp,GRP_naqptzn
Kaheho,GRP_ulbnuva
Kaheho Shg,GRP_axezhrf
Karinde Baraza,GRP_fhvnicr
Ha-Mugungu Women Group,GRP_ikhppkc
Ha Mugungu Women Group,GRP_sjkosmx
Sisters Love,GRP_ysbgfrb
Karinde Women Group,GRP_caftpmg
Karinde Women,GRP_mimossr
Lusigeti Cddc,GRP_qfnannw
Lusigeti Women,GRP_flhwjch
Lusigeti Women Cig,GRP_bykcvib
Karinde Shg,GRP_cteceuo
Karinde Township,GRP_psqpsyd
Ikinu Shg,GRP_mhmvxcv
Kigumo Shg,GRP_mylqfea
Ngure Cig,GRP_fxthfdl
Hamugungu Shg,GRP_qyokdzl
Hamugungu,GRP_juaspch
Hamungu,GRP_mduigpf
Nachu Njaa Marufuku,GRP_bbhgqhg
Makutano Cig,GRP_csklstf
Kio Self Help Group,GRP_nuzpnvu
Kiof Self Help Group,GRP_rnlatnr
Mukuyuini,GRP_ylxstib
Mukuyuini Disability Group,GRP_sduvdcz
Kabete Cwa,GRP_vrhfmwv
Ngecha Township,GRP_bnyicvn
Gatune Development Group,GRP_onvmxgt
Gatyne Development Group,GRP_rphjwek
Gitiba Maendeleo,GRP_dqlrxxx
Murengeti Joy,GRP_usednge
Runaka Sacco,GRP_wfkkfcs
Tirema Potato,GRP_zhcfoed
Victory Group,GRP_nvoxumw
Napi Women Group,GRP_tzugros
Ebenezer Cig,GRP_ndbdgvs
Unity Is Power,GRP_itntimy
Kariline Dairy,GRP_tzykiyh
Gatimu Group C,GRP_tnwulvx
Thingati Women,GRP_iwhlkxd
Gatimu Group B,GRP_bxztucp
Gatimu Group D,GRP_sbxsrwz
Ack St Barnabas,GRP_xtmeykq
Nduma Shg,GRP_nlnlbae
Nduma She,GRP_btbpbfi
Gatimu Group A,GRP_hotspjw
Mawathaine Cig,GRP_avoezzs
Mawathaine Shg,GRP_okjaerq
Mawathaine,GRP_zsgihwp
Beta Narigp,GRP_uogalmo
Gatimu Group E,GRP_izehpuv
Boroti Shg,GRP_colcjuq
Karine Women Cig,GRP_evhwapw
Karine Women,GRP_jhknwyx
Kirimani Women Group,GRP_ptgnoxc
Kirimani Women Group!,GRP_cfxfrkd
Mkulima Nyenji,GRP_uvlwdez
Mukuyuini Disability,GRP_qozfcui
Gatuni Cig,GRP_ewxjqgb
Smart Mothers,GRP_ekvzdju
Nachu Fish Farmers,GRP_zlbqzsp
Women For Transformation,GRP_xybaxqu
Kirimani Women Cig,GRP_lvavkbx
Kirimani Women,GRP_nrculbc
Holy Cross Cig,GRP_ruvxyye
Ngecha Self Help Group,GRP_rcotrdq
Urumwe Local,GRP_puyasfj
Witikio,GRP_dcqegae
Mai A Hii,GRP_ietcwaj
Thogoto Cig,GRP_difsmyq
Ngecha Shg,GRP_ygrtyxr
Kikuyu Self Help Group,GRP_wnitaso
Gatune Self Help Group,GRP_oymkbvk
Gatuni Self Help Group,GRP_mqjtoll
Kamangu Women,GRP_npkqzjb
Seniors Women Group,GRP_yvhydjf
Migumoini Shg,GRP_jzrugsl
Karuini Women,GRP_xxrwrlg
Gatimu Group F,GRP_kfhgjsm
Wamoro Irrigation Women,GRP_ovlydbx
Wamoro Irrigation Group,GRP_kkesunw
Maendeleo Ya Wanawake Organization,GRP_odxfcnk
Maemdeleo Ya Wanawake Organization,GRP_cswphzz
Mukema Shg,GRP_uqpenif
Makanya,GRP_ehznikl
Gikambura Cig,GRP_kdnmlvc
Kamangu Sacco,GRP_ndbyujr
Maii-Ini,GRP_hyfgozh
Witikio Shg,GRP_gmodwhy
Gitari Disability,GRP_qoptgsh
Kikuyu Community Sacco,GRP_wtrpeaa
Thingombe,GRP_gkoiwgk
Ngwataniro Shg,GRP_txufisl
Undire Self Help Group,GRP_qjvdbxg
Rhino Park Cig,GRP_edyaxsc
Rungiti Shg,GRP_amyxcns
Umoja Mtaani Self Help Group,GRP_igirgfy
Muumgama Gweka,GRP_cerilaa
Kikuyu Cddc,GRP_ismplxc
Ndeiya Kanyanjara,GRP_urbrbjg
Kerwa Farmer Forum,GRP_iqvknpc
Kikuyu Farmer Forum,GRP_sykxzwj
Sigona Cig,GRP_xpdhtbj
Myongara/Baraniki Self Help Group,GRP_yefvlgx
Ngambaa Shg,GRP_mlkczrm
Kuuga Na Gwiko,GRP_mfjhirw
Makumbusho Women,GRP_zgmjhnr
New Sigona Hugi,GRP_bwtguxm
One Acre Cig,GRP_gkwwdok
Thigio Farmer Forum,GRP_bqwtvuj
Gatimu Women,GRP_paimuvl
Kamangu Shg,GRP_zyvmwej
Gikambura Farmer Forum,GRP_dakaqpw
Nachu Farmer Forum,GRP_vmlnzwv
Moh Training,GRP_uspzzrz
Karai Cig,GRP_ucizdzj
Limutu Farmer Forum,GRP_sudpmfg
Limuru2 Farmer Forum,GRP_gihlwhu
Muguta Pwd,GRP_vvvmkst
Redhill Farmer Forum,GRP_ymnqefy
Githunguri Ads Farmer Forum,GRP_wwgbnsy
Mugungu Farm,GRP_skmervp
Kiambu Farmer Forum,GRP_dvpgkbm
Komothai Farmer Forum,GRP_aqenhmk
Miguta Ads,GRP_mvawwul
Waruhiu Ads,GRP_hznhihj
Mithahato Ads,GRP_fgxptet
Makutano Ads,GRP_fdixknt
Ndeiya Ads,GRP_zjltbkm
Tiekunu Ads,GRP_hzhcbpq
Ndinguini Ads,GRP_wzoguhk
Kabuku Self Help Group,GRP_gdtelvi
Kabati Ads,GRP_sfoddui
Kamangu Ads,GRP_bmfcxvs
Mai A Hii Ads,GRP_jnnmpco
Gikambura Ads,GRP_aaauldj
Kahero Ads,GRP_lxmbwjj
Lusigeti Ads,GRP_fukltyq
Kamangu B Ads,GRP_dacamgw
Limuru Navcdp Forum,GRP_vaxzgib
Karia Ads,GRP_htonqjs
Gathaithi Ads,GRP_acuhqxi
Imwe Group,GRP_rubmkgj
Kamondo Ads,GRP_hchlktl
Kiababu Ads,GRP_uwqjocw
Miratho Ads,GRP_mpbffzt
Mikaka Ada,GRP_ulrnfjn
Kwiyaka Gachuthi Ads,GRP_fuuqggo
Gukena Nduma Ads,GRP_nmdynim
Kerwa Ads,GRP_eanyfgy
Muguga Ads,GRP_gbpnugw
W F D 2025,GRP_jrupmjq
Ngarariga Ads,GRP_bbekrqt
Murengeti B Ads,GRP_eptvfrm
Kamukira Vsla,GRP_vjknqos
Ihiga Ads,GRP_jwaewtj
Matuguta Ads,GRP_pcrxvfg
Nachu Ward Comm6Sscco,GRP_iaboysl
Komothai Ads,GRP_hvkrwrq
Komothai B Ads,GRP_rnowvvm
Kigumo Ads,GRP_frkhuly
Ikinu Vsla,GRP_puwxycd
Githiga Ads,GRP_mdhczny
Komothai C Ads,GRP_jutislp
Mlango Ads,GRP_sdljyaj
Ngecha Ads,GRP_gevtcuk
Tujiinue Ads,GRP_hoanqda
Ihimga Ads,GRP_jeqvwiq
Riunderi Community Shg,GRP_lwsitwv
Kikuyu Ward Community Sacco,GRP_xlozvoc
Rumwe Shg,GRP_rmoygte
Undire Shg,GRP_husyxlb
Duka Moja Farmers Group,GRP_nurpldg
Kapsiongo Chepkorgen Farmers Group,GRP_upsrgwf
Mosonik Soget Farmers Group,GRP_lfyouvj
Soimosiek Farmers Group,GRP_cvignty
Okilge Farmers Group,GRP_iqltawn
Kapkoros B Farmers Group,GRP_rciqbzw
Moriko Farmers Group,GRP_yqfvuqk
Kiptenden Farmers Group,GRP_lflpusj
Masindoni Farmers Group,GRP_atohzbm
Kiptenden Ndamama Farmers Group,GRP_hfgdazc
Chesegem Farmers Group,GRP_pzaumib
Taparit Umoja Farmers Group,GRP_uyorlbi
Taparit Umoja Farmers,GRP_nurmnho
Chepkirip Farmers Group,GRP_xkkdlal
Kiptagee Farmers Group,GRP_ldznymr
Chepostuiyet Farmers Group,GRP_hqphjqj
Simotwet Dairy Farmers Group,GRP_lgwjihu
Highlands Farmers Group,GRP_gdoclib
Kigana Farmers Group,GRP_zcbwuns
Soimosiek B Farmers Group,GRP_cinrzki
Kimugul Farmers Group,GRP_txvwckz
Kertai Farmers Group,GRP_oamklem
Ndanai Central Farmers Group,GRP_wblnkaj
Sagana Farmers Group,GRP_neupyvs
Kapchumbe Farmers Group,GRP_ffgwqrh
Kabuson Solidarity Farmers Group,GRP_ynxfqim
Kabuson Zone Farmers Group,GRP_epemkzg
Tuiyobei Farmers Group,GRP_mkluedj
Kiptagee F Farmers Group,GRP_jupbedk
Kipsingei Farmers Group,GRP_hnpamif
Kapolesobei Farmers Group,GRP_nbxqctx
Kapsosurwo Farmers Group,GRP_kpbnnyo
Lorna Bridge Farmers Group,GRP_qqayroz
Moita Farmers Group,GRP_eaqzsnx
Kisiara Farmers Group,GRP_rfmvatk
Chepkorgen Farmers Group,GRP_nkkrphp
Chebarus Farmers Group,GRP_vgsvvvt
Kasonda Farmers Group,GRP_mzpxibx
Kosimbei Farmers Group,GRP_rgavuao
Sunshine Farmers Group,GRP_atdpoiq
Kapoleseroi Farmers Group,GRP_tblzerg
Uswet Farmers Group,GRP_quagidu
Uswet B Farmers Group,GRP_fbtyjio
Uswet Farmers B Group,GRP_irasbyt
Kimananga Farmers Group,GRP_svrmiil
Taparit Farmers Group,GRP_hqjtkcx
Springs Farmers Group,GRP_mhuasra
Makiche Farmers Group,GRP_jyhgdyu
Kweleta Farmers Group,GRP_aaqhmwd
Kamunduki Farmers Group,GRP_wdumlmm
Yoywana Farmers Group,GRP_agfainw
Leldet Farmers Group,GRP_qqdygxx
Block Five Farmers Group,GRP_wgiisom
Block Three Farmers Group,GRP_jlhobvi
Block One Farmers Group,GRP_zyzbmsl
Chemaitany Farmers Group,GRP_djygede
Bingwa Farmers Group,GRP_junsdbz
Yoywana Block One Farmers Group,GRP_djqxnra
Unity Farmers Group,GRP_zvutryd
Siongiroi Farmers Group,GRP_bmuqqte
Tabaita Farmers Group,GRP_exgissv
Reberwet Block 1 And 2 Farmers Group,GRP_btakfvl
Reberwet Block 3 And 4 Farmers Group,GRP_pzzkboy
Kamabwai Farmers Group,GRP_yncbiqa
Kaplelechwo Farmers Group,GRP_wccyxbk
Chepnyalilyet Farmers Group,GRP_liqfoyt
Inua Farmers Group,GRP_ryaiqag
Kabarak Farmers Group,GRP_polquwq
Cheptangulgei Farmers Group,GRP_wdrhrqo
Kapsinendet Farmers Group,GRP_lmhoqcs
Ngenenet Farmers Group,GRP_fqvweah
Ngenenet Block One Farmers Group,GRP_wmpmmqj
Baraka Farmers Group,GRP_cliennz
Kapsinendet Unity Farmers Group,GRP_fqepwtr
Motiret Farmers Group,GRP_tcmgmld
Chesogori Farmers Group,GRP_lnfbrfz
Chemagel Farmers Group,GRP_jsqgfgx
Kapisimba Farmers Group,GRP_bxvzzav
Chelelach Farmers Group,GRP_dkssfll
Green Land Farmers Group,GRP_bsrpvvt
Simotwet Farmers Group,GRP_mhflkbd
Kabuson Farmers Group,GRP_nbhuudg
Cheplelyet Block One Farmers Group,GRP_tevkurm
Reberwet Farmers Group,GRP_pchfeim
Kapoleseroi,GRP_avzltms
Umoja Farmers Group,GRP_owsylso
Isimba Farmers Group,GRP_xpzrnoq
Chemagel Block Five Farmers Group,GRP_tnhaeby
Ngenenet Block Five Farmers Group,GRP_jzkkrgi
Kuresiet Farmers Group,GRP_qrwzglw
Kapamban Farmers Group,GRP_xqxgwyy
Kimugul Part 2 Farmers Group,GRP_lrokwwv
Cheptuiyet Farmers Group,GRP_cuxtliq
Chemaitany Block Two Farmers,GRP_cquefgy
Chemaitany Block Two Farmers Group,GRP_yfcwnql
Saunet Farmers Group,GRP_jgutyol
Kelyot Farmers Group,GRP_edbepcr
Kapsiongo Emitiot Farmers Group,GRP_nnuwmid
Baitany Farmers Group,GRP_vuwpoqm
Soget Farmers Group,GRP_souqgyn
Sepesepe Farmers Group,GRP_yzployu
Chepnyaliliet Farmers Group,GRP_infeogi
Tonposko Farmers Group,GRP_ihhguva
Baraka Centre Farmers Group,GRP_bfdhbiz
Kaptwolo Farmers Group,GRP_zeofafp
Chepwostuiyet Farmers Group,GRP_vxwwjqv
Plugum Farmers Group,GRP_txssjmu
Rotgaa Farmers Group,GRP_dlnaurm
Kimaya Farmers Group,GRP_fhczwvu
Emitiot Farmers Group,GRP_oxvrqjq
Cheplelyet Farmers Group,GRP_zfmcvlv
Cheplelyet Block Five Farmers Group,GRP_uboxrbh
Nursery Farmers Group,GRP_phepzso
Chesegem B Farmers Group,GRP_rbdpydi
Reberwet Block One Farmers Group,GRP_bspcsbn
Chemaitany Block One Farmers Group,GRP_kmxuhhs
Kamunduki Block One Farmers Group,GRP_cbyscsy
Koita Farmers Group,GRP_fobivis
Kayeba Farmers Group,GRP_qydevme
Atembwo Farmers Group,GRP_tbrobgs
Usonik Farmers Group,GRP_quokorw
Chelelach B Farmers Group,GRP_zxmtmds
Kapsinendet B Farmers Group,GRP_yvltqea
Yoywana 2 Farmers Group,GRP_oepmmkg
Cheptangulgei B Farmers Group,GRP_vojjukc
Chemagel A Farmers Group,GRP_qrvsdhw
Chemagel B Farmers Group,GRP_snivcbd
Chemagel C Farmers Group,GRP_tdokhus
Kapamban B Farmers Group,GRP_vkahssw
Bingwa B Farmers Group,GRP_cxtsjuu
Leldok Farmers Group,GRP_olrwyje
Sebe Sebe Farmers Group,GRP_dzgeywf
Sebesebe Farmers Group,GRP_eheuiow
Indisiot Farmers Group,GRP_fsmtwnu
Atebwo Farmers Group,GRP_yzcpwem
Chogo Farmers Group,GRP_vlwgzjj
Ogilge Farmers Group,GRP_muzbjrw
Saunosiek Farmers Group,GRP_jxqyikc
Greenland Farmers Group,GRP_hyhyvqf
Setkobor Farmers Group,GRP_mouwrfp
Maua Farmers Group,GRP_penczlc
Yoywana Block Five Farmers Group,GRP_sncbegx
Cheplelyet Block Three Farmers Group,GRP_xaxbmsu
Kapamban Block Two Farmers Group,GRP_jrfhdql
Kipsimba Farmers Group,GRP_bxzylhm
Kapsimba Farmers Group,GRP_yuyehsb
Kaplelechwo B Farmers Group,GRP_xkwayjj
Yoywana Block One Group,GRP_nfxmorc
Yoywana Block Two Farmers Group,GRP_mgbgabv
Sise Farmers Group,GRP_gyvznwh
Chelelach South Farmers Group,GRP_aiwigwx
Chesoen Farmers Group,GRP_tuvrbsf
Ilgerin Farmers Group,GRP_cbstuhm
Takitech Farmers Group,GRP_xylevbw
Mokondo Farmers Group,GRP_yqabenl
Ketendeita Farmers Group,GRP_zgrmszx
Maembe Farmers Group,GRP_cqjvmyu
Cheramgoi Farmers Group,GRP_ysccygf
Changina Farmers Group,GRP_ajvryra
Chepkoiyet Farmers Group,GRP_psfccvw
Chebuluu Farmers Group,GRP_hzauadd
Kamurandan Farmers Group,GRP_kpjgkfr
Chemamit Farmers Group,GRP_jlhkylt
Lebekwet Farmers Group,GRP_fjjxgme
Tegat Farmers Group,GRP_bsedepo
Motosiet Farmers Group,GRP_hmfpdab
Chepkebit Farmers Group,GRP_vfaqcsg
